market,model,seed,IC,ICIR,RankIC,RankICIR,AR,STD,MDD,Sharpe,Sortino,Calmar,num_test_days,pred_path_or_ckpt_path
csi300,master,0,0.05048475957915314,0.2775144001122891,0.07196115566586035,0.39129731304732424,0.21435597826728703,0.1511349109762555,-0.15757033564008827,1.2850365012806333,2.0140351755104375,1.3603828245749554,727,examples/benchmarks/MASTER/paper_baseline/mlruns/224505313702429845/9a76919e448b499dad1efbbb88ed0e44/artifacts/pred.pkl
csi300,master,1,0.046745741330471643,0.25351944842949903,0.0681021253415421,0.3674547479032319,0.1541317191741265,0.1604037472367413,-0.21720839380172385,0.8936717841100564,1.365368611506307,0.7096029599796397,727,examples/benchmarks/MASTER/paper_baseline/mlruns/246370288293499140/e4e7469cd27a4a89853fae4b2b30bfc3/artifacts/pred.pkl
csi300,master,2,0.038776995226317515,0.2063764754837811,0.061556561670566085,0.3375015597546258,0.1565390928655146,0.15813773427001282,-0.22250212472444486,0.919654031509578,1.4275905679202532,0.7035397664601117,727,examples/benchmarks/MASTER/paper_baseline/mlruns/213605115123889733/59ff028ba7404e178785a75d73216187/artifacts/pred.pkl
csi300,master,3,0.03352153563409367,0.17899250242576928,0.05515116270504563,0.2994107054007689,0.15480478135846898,0.1549427640934817,-0.1982326769455981,0.9289321128445307,1.4429661531475042,0.7809246373692101,727,examples/benchmarks/MASTER/paper_baseline/mlruns/657018618869078768/fed8fa72cbdb4d1aa72503b6389eccb0/artifacts/pred.pkl
csi300,master,4,0.03332143790346615,0.1837316170183147,0.05383678905363163,0.2990100084144783,0.1069263232382276,0.14826895360862102,-0.18375404044607047,0.6851541991683259,1.0628368685258989,0.5818991679239246,727,examples/benchmarks/MASTER/paper_baseline/mlruns/692504356880211392/2461fc5711324f92abd4228b2fff0a46/artifacts/pred.pkl
sp500,master,0,0.009860056504267724,0.08429402272623153,0.012202267233480685,0.10063413203118979,0.13068546004026405,0.17955867568604147,-0.2097595242674547,0.6840329499647477,0.9893885102967341,0.6230251546224573,752,examples/benchmarks/MASTER/paper_baseline/mlruns/562711993091439480/a542fefde4624372bd498a66df0b8c15/artifacts/pred.pkl
sp500,master,1,-0.00025069458530542076,-0.0019977554226648935,0.0016440513331440045,0.01246293544583994,0.05693928579998597,0.17590712291735078,-0.2666131290553476,0.3148096802812859,0.4383199341691022,0.21356519838963237,752,examples/benchmarks/MASTER/paper_baseline/mlruns/228113011200315526/4b07045c0484425380911bfe5a7c561c/artifacts/pred.pkl
sp500,master,2,-0.0002445283595707329,-0.002102076015420659,0.003339420927232092,0.02687602942739457,0.07275249111813209,0.16018262646744252,-0.23310510353725145,0.438423121253061,0.6169496421151848,0.3121016657900236,752,examples/benchmarks/MASTER/paper_baseline/mlruns/610202009334159606/cb7baa7d464d4fe3adc4f1c5235d4dab/artifacts/pred.pkl
sp500,master,3,-0.0020285604293799574,-0.01698898749098612,-0.0005397844305192627,-0.004255685963396616,0.05228037769620952,0.1751374854403204,-0.2769649252416724,0.2909691057869508,0.4058157259354096,0.18876172732193808,752,examples/benchmarks/MASTER/paper_baseline/mlruns/678903798120985225/7c951938b4394558ac68a202c6b16bad/artifacts/pred.pkl
sp500,master,4,0.00208727637111146,0.01583360399592192,0.0012705179178491384,0.009203084880209664,0.1386332732747897,0.1751965411288048,-0.2058619873413029,0.7410457948677164,1.0743438582277391,0.6734282276452849,752,examples/benchmarks/MASTER/paper_baseline/mlruns/511312566299574822/d6f094be7d2847d48ba98198401ce65a/artifacts/pred.pkl
