datetime,daily_ret_gross,cost,daily_ret_net,bench_ret,nav,bench_nav
2023-01-03,0.0,0.0,0.0,0.004202366,1.0,1.0042024
2023-01-04,1.7724232748150826e-16,0.0004583610912199601,-0.0004583610912197828,0.0012989044,0.9995416389087802,1.0055068
2023-01-05,0.019788377734783775,0.0003593413228013162,0.01942903641198246,0.019427538,1.0189617698064315,1.0250412
2023-01-06,0.005263195195662417,0.00034937010052074206,0.004913825095141675,0.0031018257,1.0239687697218964,1.0282208
2023-01-09,0.003836415103163368,0.00035175133697672596,0.003484663766186642,0.008096099,1.0275369565914532,1.0365454
2023-01-10,-0.00031193991058787643,0.000318279348059388,-0.0006302192586472644,0.0010839701,1.0268893830124375,1.037669
2023-01-11,-0.00482976385557137,0.0003353334184469569,-0.005165097274018327,-0.0018519163,1.0215853994595214,1.0357473
2023-01-12,0.0024039734534712586,0.000322353781208109,0.0020816196722631495,0.0019550323,1.023711951723933,1.0377722
2023-01-13,0.008561355202068365,0.000333175147231256,0.008228180054837109,0.014064789,1.0321352379870063,1.0523683
2023-01-16,0.004610261988845419,0.00033086348018923693,0.004279398508656182,0.015604854,1.0365521559851796,1.0687903
2023-01-17,-0.000771635128283908,0.0003385437443454058,-0.0011101788726293137,-0.00017404556,1.0354013976812264,1.0686044
2023-01-18,0.004241401119842742,0.00033143799520237967,0.003909963124640363,-0.0016750693,1.0394497789653612,1.0668144
2023-01-19,0.00234178618142986,0.0003401494957869812,0.0020016366856428786,0.0062223673,1.0415303797758215,1.0734526
2023-01-20,0.004812488755816085,0.0003338520734159343,0.004478636682400151,0.0061405897,1.0461950159405196,1.0800443
2023-01-30,0.00964774575954408,0.00027654244062017225,0.009371203318923908,0.0047398806,1.055999122146143,1.0851636
2023-01-31,-0.009094269626281844,0.0003262979730157937,-0.009420567599297639,-0.010589421,1.0460510110311665,1.0736723
2023-02-01,0.008614706350196552,0.00031877560567158595,0.008295930744524966,0.009398818,1.0547289777739213,1.0837636
2023-02-02,-0.0038576154756152863,0.00030853711788833506,-0.0041661525935036215,-0.003522396,1.050334815907725,1.0799462
2023-02-03,-0.006207389789166526,0.00034886036344935513,-0.006556250152615881,-0.009451985,1.0434485581106323,1.0697385
2023-02-06,-0.010669894530921216,0.00034318075190198485,-0.011013075282823201,-0.013219476,1.0319569805864066,1.0555971
2023-02-07,0.0040440218948217905,0.00031628850730084393,0.0037277333875209468,0.0017983913,1.035803841077424,1.0574955
2023-02-08,-0.005138342856966238,0.0003568677184153093,-0.0054952105753815475,-0.0044184327,1.0301118808559144,1.052823
2023-02-09,0.010594475336118793,0.00032576412673223894,0.010268711209386555,0.013424516,1.0406898022737818,1.0669566
2023-02-10,-0.003471872643673095,0.0003218069698520497,-0.0037936796135251446,-0.0059431195,1.0367417585868923,1.0606155
2023-02-13,0.0045589339048751,0.0003257925504355135,0.004233141354439586,0.009073973,1.041130432999041,1.0702395
2023-02-14,0.003580753801051193,0.0003410365290897808,0.003239717271961412,0.00041508675,1.0445034012451926,1.0706838
2023-02-15,-0.006611223045621041,0.0003358466500213963,-0.006947069695642437,-0.0052107573,1.0372471633194067,1.0651047
2023-02-16,-0.0057553724860572,0.00032060437773208275,-0.006075976863789283,-0.0073235035,1.0309448735530469,1.0573044
2023-02-17,-0.006010899903293225,0.00033346003611582035,-0.006344359939409045,-0.014408231,1.0244041881975379,1.0420705
2023-02-20,0.02011251552855144,0.0003433757389218617,0.01976913978962958,0.024533391,1.044655777795097,1.067636
2023-02-21,0.007159130055102742,0.0003329910949519496,0.006826138960150793,0.0026273727,1.0517867432998507,1.0704411
2023-02-22,-0.0026949201869446346,0.0003241699856723905,-0.003019090172617025,-0.009024322,1.0486113042794651,1.0607811
2023-02-23,0.0017513716139487794,0.0003384903706694085,0.001412881243279371,-0.0008035302,1.0500928675227723,1.0599288
2023-02-24,-0.005054155401338276,0.0003351125220815556,-0.005389267923419832,-0.010380983,1.0444336357152197,1.0489256
2023-02-27,-0.0004869566161139821,0.00033261320633229646,-0.0008195698224462785,-0.0042378306,1.0435776494258397,1.0444804
2023-02-28,0.008223655829472334,0.00033602940147586953,0.007887626427996465,0.006335616,1.0518090000731175,1.0510979
2023-03-01,0.01210528771144334,0.000328220882016375,0.011777066829426964,0.014124751,1.0641962249587715,1.0659443
2023-03-02,0.003767873082169353,0.00033913152525272543,0.0034287415569166277,-0.002229154,1.0678450787800013,1.0635681
2023-03-03,0.008370143223365633,0.0003434228396881997,0.008026720383677433,0.0031108856,1.0764163726404545,1.0668768
2023-03-06,-0.0018996847895973602,0.00032805990859180846,-0.0022277446981891686,-0.0052148104,1.0740183917732606,1.0613132
2023-03-07,-0.0050935869525808005,0.0003379309903788004,-0.005431517942959601,-0.014640987,1.0681848416072757,1.0457745
2023-03-08,-0.003753640276655872,0.00034061822460963243,-0.004094258501265505,-0.003640473,1.0638114167386021,1.0419674
2023-03-09,-0.005784517928800582,0.0003314462836924741,-0.006115964212493056,-0.0035349727,1.0573051841849872,1.0382841
2023-03-10,-0.012698453917592854,0.0003185036917195926,-0.013016957609312447,-0.013112366,1.043542287422345,1.0246696
2023-03-13,0.010774036542108551,0.0003228958522464638,0.010451140689862087,0.01047349,1.0544484946840165,1.0354015
2023-03-14,-0.006440486449976979,0.00032563518583492493,-0.006766121635811904,-0.0059844255,1.0473139679102856,1.0292052
2023-03-15,0.005015767951465439,0.0003316584035678182,0.004684109547897621,0.0005520582,1.0522197012670207,1.0297734
2023-03-16,-0.0052453994621223365,0.00032479064631876607,-0.0055701901084411025,-0.011976659,1.0463586374951164,1.0174401
2023-03-17,-0.0017284768590314164,0.0003303023944412451,-0.0020587792534726614,0.0049934387,1.0442044160405495,1.0225207
2023-03-20,0.00137476155993483,0.0003323785694783397,0.0010423829904564904,-0.004986346,1.0452928769623897,1.017422
2023-03-21,0.012346558371717133,0.00033689059758863337,0.012009667774128499,0.010992408,1.057846497141371,1.0286058
2023-03-22,0.003156863073518052,0.0003394816620922417,0.0028173814114258104,0.004283905,1.060826854198559,1.0330123
2023-03-23,0.004234616074239405,0.00033602067928229727,0.0038985953949571073,0.009913921,1.0649625888871843,1.0432534
2023-03-24,-0.003787104970462524,0.0003327262433527913,-0.004119831213815315,-0.002980888,1.0605751227719413,1.0401436
2023-03-27,6.385618403177777e-05,0.0002616042756777125,-0.00019774809164593474,-0.0036179423,1.060365396065366,1.0363804
2023-03-28,0.0008771113389844539,0.00033879620261704823,0.0005383151363674056,-0.003232479,1.0609362068081483,1.0330304
2023-03-29,-0.0036608145999628403,0.00034123648796560935,-0.00400205108792845,0.0016577244,1.056690285907469,1.0347428
2023-03-30,0.008068248823626094,0.0003325098783608256,0.007735738945265269,0.008085012,1.0648645661052467,1.0431087
2023-03-31,-0.0001152656626422882,0.0003217266168598304,-0.0004369922795021186,0.0030704737,1.0643992285111434,1.0463115
2023-04-03,0.011692386315875379,0.0002742990651396902,0.011418087250735688,0.009785414,1.0765526317718994,1.0565501
2023-04-04,0.0059781081750973466,0.0003342665981793043,0.005643841576918042,0.003065586,1.0826285242748341,1.0597891
2023-04-06,0.0014700605877029178,0.00032394996258930495,0.0011461106251136129,-0.0015768409,1.0838693363295566,1.058118
2023-04-07,0.004135168863162028,0.00031570361815192274,0.0038194652450101053,0.0065028667,1.0880091375897996,1.0649987
2023-04-10,0.004616099400410359,0.00034292298239724657,0.004273176418013112,-0.0044793487,1.092658392579131,1.0602282
2023-04-11,0.0040163417577438135,0.0003401310834135664,0.003676210674330247,-0.0011352897,1.096675235025327,1.0590246
2023-04-12,0.0038076686486145407,0.00033281683638347744,0.0034748518122310634,-0.00069755316,1.1004860189531838,1.0582858
2023-04-13,-0.0018202568257450107,0.0003367851106618887,-0.0021570419364068992,-0.00690943,1.0981122244598722,1.0509737
2023-04-14,-0.0012901181791925968,0.0003232651472421592,-0.0016133833264347559,0.0056574345,1.0963405485063744,1.0569195
2023-04-17,0.0194737574145423,0.00033237005667852425,0.019141387357863776,0.01402235,1.1173260276214678,1.0717399
2023-04-18,0.001516280368296127,0.000274064004828414,0.001242216363467713,0.0030486584,1.1187139882963077,1.0750073
2023-04-19,-0.006519299397414041,0.0003185315661775084,-0.006837830963591549,-0.009002805,1.1110644111477321,1.0653292
2023-04-20,7.043469640054504e-05,0.00033685144501095494,-0.0002664167486104099,-0.0027979016,1.1107684049798174,1.0623485
2023-04-21,-0.009743410648246935,0.00032282985775535753,-0.010066240506002293,-0.01955992,1.099587143068822,1.041569
2023-04-24,-0.005455526022392222,0.0003430244372999462,-0.005798550459692168,-0.012381613,1.0932111315349087,1.0286727
2023-04-25,-0.000375919071720092,0.00032762992209954615,-0.0007035489938196381,-0.0050143003,1.092442003943285,1.0235146
2023-04-26,-0.0020048364880481968,0.00034364216559536735,-0.002348478653643564,-0.00086802244,1.0898764272166805,1.0226262
2023-04-27,0.006603561059377149,0.00033684042007722266,0.006266720639299926,0.0073726177,1.0967063783174058,1.0301656
2023-04-28,0.012820059228025035,0.00034114843037277224,0.012478910797652263,0.010196924,1.1103920793836448,1.04067
2023-05-04,0.012261270401935954,0.0003475931559647818,0.011913677245971173,0.00028800964,1.1236209322339044,1.0409697
2023-05-05,-0.00470707809996355,0.00034078113557298563,-0.0050478592355365365,-0.0033174157,1.1179490519338853,1.0375164
2023-05-08,0.022739549955216595,0.00032820987381738953,0.022411340081399205,0.011396885,1.1430037883304534,1.0493408
2023-05-09,-0.01195570505663376,0.00034935109639282853,-0.01230505615302659,-0.0085609555,1.128939062531925,1.0403575
2023-05-10,-0.006447935336834935,0.00033847308057699906,-0.006786408417411934,-0.0076987743,1.1212776209752133,1.032348
2023-05-11,0.007439515838070869,0.00027749639941928493,0.007162019438651583,-0.0015536547,1.1293082330927628,1.0307441
2023-05-12,-0.010746133171116772,0.0003345065599945587,-0.011080639731111331,-0.013255954,1.1167947754164842,1.0170805
2023-05-15,0.01661423628666411,0.0003430682220630715,0.01627116806460104,0.0155239105,1.1349663309009541,1.0328696
2023-05-16,-0.005553779947372681,0.00033290059151834295,-0.005886680538891024,-0.0051713586,1.1282851466885429,1.0275283
2023-05-17,-0.0026867542121137293,0.00031308167414330373,-0.002999835886257033,-0.004534662,1.1249004764155757,1.0228688
2023-05-18,0.0025852702857959114,0.0003443856209858003,0.0022408846648101113,-0.0010353327,1.127421248642613,1.0218097
2023-05-19,-0.00413979901622484,0.00033658333004783097,-0.00447638234627267,-0.002914548,1.1223744800683764,1.0188316
2023-05-22,0.0072783245801622395,0.000318882261985989,0.006959442318176251,0.0062847137,1.1301855805218053,1.0252347
2023-05-23,-0.012197583363374155,0.0003318685295720317,-0.012529451892946186,-0.014143467,1.116024974660556,1.0107343
2023-05-24,-0.007157184541233522,0.0003385365433703424,-0.007495721084603864,-0.013824999,1.1076595627270485,0.9967609
2023-05-25,-0.0003910260895361105,0.0003331398210843727,-0.0007241659106204832,-0.0022259355,1.1068574334311487,0.9945422
2023-05-26,-0.00025019319529221974,0.0003255035912150756,-0.0005756967865072954,0.00011694431,1.1062202191636008,0.99465847
2023-05-29,0.0017442118247213755,0.0003389936862419625,0.001405218138479413,-0.0044171214,1.107774699880722,0.99026495
2023-05-30,-0.0028993880254105896,0.000329870849686079,-0.0032292588750966683,0.0009937286,1.1041974085995248,0.991249
2023-05-31,-0.01000509795062207,0.0003315497429965198,-0.01033664769361859,-0.010216892,1.092783709002625,0.98112154
2023-06-01,-0.006880872771533251,0.000319565154399419,-0.00720043792593267,0.002192974,1.084915187739481,0.9832731
2023-06-02,0.014243707358710934,0.00033874779173843553,0.013904959566972498,0.014437079,1.1000008895585927,0.9974687
2023-06-05,-0.006960926511729397,0.0003367292588519937,-0.0072976557705813905,-0.004552245,1.0919734617192607,0.99292797
2023-06-06,-0.013294489540708667,0.000325767203496398,-0.013620256744205065,-0.00938803,1.077100502812786,0.98360634
2023-06-07,-0.004328166285127716,0.0003225993997145624,-0.004650765684842279,-0.0049420595,1.072091160755178,0.9787453
2023-06-08,-0.006162739841392688,0.00033775305390343655,-0.006500492895296125,0.008141279,1.0651220397815793,0.9867135
2023-06-09,0.01792783583200325,0.000338298707724151,0.0175895371242791,0.0043216944,1.0838570434422052,0.9909778
2023-06-12,0.0030821408264892435,0.00034887152092666644,0.002733269305562577,0.0020147562,1.0868195166306636,0.9929744
2023-06-13,0.008584098549371894,0.00032686677825975805,0.008257231771112136,0.0053271055,1.095793637272851,0.9982641
2023-06-14,-0.0024525202488024185,0.0003385219374348592,-0.002791042186237278,-0.00023025274,1.092735231003812,0.99803424
2023-06-15,0.010848590248919878,0.00033567629374404724,0.010512913955175831,0.015910983,1.1042230624631444,1.013914
2023-06-16,-0.0021261386077231197,0.00032857008656163176,-0.0024547086942847515,0.009642005,1.1015125165112865,1.0236901
2023-06-19,-0.007230512162717244,0.00032225403073696946,-0.007552766193454213,-0.008184969,1.0931930500149134,1.0153112
2023-06-20,-0.006680785230317668,0.00033174469604224584,-0.007012529926359914,-0.001696825,1.085527001036395,1.0135884
2023-06-21,-0.0037658464765233275,0.0003301899068780462,-0.004096036383401374,-0.01534307,1.0810806429449855,0.99803686
2023-06-26,-0.009821866887835607,0.000320084307806618,-0.010141951195642226,-0.014060438,1.070116375825684,0.984004
2023-06-27,0.011322534048637088,0.00033137824939928823,0.0109911557992378,0.009378672,1.0818781916356996,0.99323267
2023-06-28,-0.0007054433027762232,0.00033875040015685353,-0.0010441937029330767,-0.0012040734,1.080748501240653,0.99203676
2023-06-29,-0.008333041712236809,0.0003258532555900109,-0.008658894967826819,-0.0049365163,1.071390413481774,0.9871396
2023-06-30,0.004887057333974197,0.00032627822625823306,0.004560779107715964,0.0053926706,1.076276788495789,0.9924629
2023-07-03,0.019303780086881214,0.00033926798726429183,0.01896451209961692,0.013124347,1.096687852673754,1.0054883
2023-07-04,0.006725869920919432,0.00033596403526436696,0.0063899058856550645,0.0015747547,1.1036955848382806,1.0070717
2023-07-05,-0.009037397602913569,0.00032355472770120917,-0.009360952330614777,-0.007745564,1.0933639430810995,0.9992714
2023-07-06,-0.003643540377970973,0.0003243764574228129,-0.0039679168353937855,-0.006735921,1.0890255658841355,0.99254036
2023-07-07,-0.003696214750074033,0.0003320190867557467,-0.00402823383682978,-0.00443691,1.0846387162504683,0.98813653
2023-07-10,0.008754400619747667,0.00033809253114767837,0.00841630808859999,0.0048696995,1.0937673698512558,0.9929485
2023-07-11,0.004715981271053152,0.00032326217785130795,0.0043927190932018445,0.006544709,1.0985719826603226,0.99944705
2023-07-12,-0.0009025907964958517,0.00033784960067322924,-0.0012404403971690808,-0.006732166,1.0972092695938327,0.9927186
2023-07-13,0.011343088453495772,0.00033755884183396447,0.011005529611661808,0.014304876,1.1092846387005375,1.0069193
2023-07-14,-0.002986725188850247,0.00033014133186864985,-0.0033168665207188967,0.00017440319,1.105605289620484,1.0070949
2023-07-17,-0.003688689643023159,0.0003331833400602338,-0.004021872983083393,-0.008189023,1.1011586855762052,0.9988477
2023-07-18,-0.0009463190950687217,0.0003279058787199377,-0.0012742249737886595,-0.0031625628,1.0997555616789396,0.9956888
2023-07-19,0.0003174170649122279,0.00033254411540540007,-1.5127050493172177e-05,-0.0010557771,1.099738925621028,0.99463755
2023-07-20,-0.004701479656600081,0.00032285347198537294,-0.0050243331285854545,-0.0070581436,1.0942134709042353,0.98761725
2023-07-21,0.0005481436290826311,0.0003344252643920369,0.0002137183646905942,-0.00046557188,1.0944473244178594,0.98715746
2023-07-24,0.00042697076556432606,0.00032835481210555755,9.861595345876851e-05,-0.0043669343,1.0945552543842674,0.9828466
2023-07-25,0.016740113334858257,0.0003311920790682089,0.01640892125579005,0.02888143,1.11251572536357,1.0112326
2023-07-26,-0.002935003988304222,0.00033574837991000187,-0.003270752368214224,-0.0020714402,1.1088769619201617,1.0091379
2023-07-27,-0.0005924980985689007,0.00033173782452400455,-0.0009242359230929052,-0.0011927485,1.107852097997665,1.0079342
2023-07-28,0.01669310562874998,0.00033696850122008534,0.016356137127529893,0.023162961,1.1259722788295363,1.031281
2023-07-31,0.004259772498246745,0.0003349513409007751,0.00392482115734597,0.0054825544,1.1303915186520714,1.0369351
2023-08-01,0.0004445167553798176,0.00032943051545464606,0.00011508623992517156,-0.0041424036,1.1305216111615963,1.0326397
2023-08-02,-0.006327528568823129,0.0003313507458974892,-0.006658879314720618,-0.00702852,1.1229936041901878,1.0253818
2023-08-03,0.005174136556905434,0.00033132154401107174,0.004842815012894363,0.008836627,1.1284320544759443,1.0344427
2023-08-04,0.0017583115675839094,0.0003343222458330433,0.001423989321750866,0.0038950443,1.1300389296718394,1.0384718
2023-08-07,-0.0037291539774995247,0.0003292334556092131,-0.004058387433108738,-0.007568598,1.1254527938807355,1.030612
2023-08-08,-0.0026830020139146453,0.00032649496278879144,-0.003009496976703437,-0.0026114583,1.122065747100129,1.0279206
2023-08-09,-0.0008395353967226111,0.00032908162043257457,-0.0011686170171551857,-0.003055513,1.1207544819737008,1.0247798
2023-08-10,0.0026836832234840287,0.0003316878678516723,0.0023519953556323564,0.0020542145,1.1233904913101072,1.0268849
2023-08-11,-0.02128078933042789,0.00032543442150807073,-0.021606223751935962,-0.023007214,1.0991182649940636,1.0032592
2023-08-14,-0.003298579221647195,0.00032453827010235625,-0.003623117491749551,-0.007296145,1.0951360303826623,0.99593925
2023-08-15,0.000297988736755618,0.0003272675448229348,-2.9278808067316822e-05,-0.0024300218,1.095103966105021,0.9935191
2023-08-16,-0.006001754461454618,0.0003334488230827482,-0.006335203284537366,-0.0073338747,1.0881662598620425,0.98623276
2023-08-17,0.0035689969939572746,0.00033065051761711094,0.0032383464763401635,0.0033444166,1.091690119235339,0.98953116
2023-08-18,-0.007821551249486544,0.0003247781773052379,-0.008146329426791782,-0.012294114,1.0827968518920743,0.97736573
2023-08-21,-0.009294825461317123,0.00032320711394706765,-0.00961803257526419,-0.014386952,1.0723824764981829,0.9633044
2023-08-22,0.009742938475064692,0.00033639670305620205,0.00940654177200849,0.007687211,1.0824698870589329,0.9707095
2023-08-23,-0.012509692293965417,0.0003247543777261069,-0.012834446671691525,-0.01639074,1.068576985019763,0.9547989
2023-08-24,-0.0075581818476270395,0.00030490222081702945,-0.00786308406844407,0.007249832,1.060174674352948,0.961721
2023-08-25,0.0034196711676259877,0.0003483391447482144,0.0030713320228777734,-0.0038352013,1.0634308227801321,0.9580326
2023-08-28,0.002539183513430604,0.00026289493538526486,0.002276288578045339,0.011719704,1.065851498215568,0.96926045
2023-08-29,0.0019466951511360531,0.00033848155581344465,0.0016082135953226085,0.0099903345,1.0675656150855932,0.9789437
2023-08-30,0.0037509742365205304,0.0003393286581308395,0.003411645578389691,-0.0004221797,1.0712077705959409,0.9785304
2023-08-31,0.0015618246593649238,0.0003353246385940784,0.0012265000207708455,-0.006134331,1.0725216069488266,0.9725278
2023-09-01,0.0023901306169116423,0.0003333290451685882,0.002056801571743054,0.0069636106,1.0747275710757274,0.9793001
2023-09-04,0.008837000343465806,0.000334956583963112,0.008502043759502694,0.015154958,1.0838649519145573,0.99414134
2023-09-05,-0.004753780849852224,0.00033042948996914656,-0.005084210339821371,-0.0074384212,1.0783543545190633,0.9867465
2023-09-06,-0.004746373172234049,0.0003163822525429725,-0.005062755424777021,-0.002169907,1.0728949101608898,0.9846053
2023-09-07,-0.013237777861442805,0.0003251588587589947,-0.0135629367202018,-0.014050245,1.058343304386951,0.9707714
2023-09-08,-0.004398931550740043,0.0003344686611179686,-0.004733400211858012,-0.0049169064,1.0533337419657474,0.9659982
2023-09-11,0.01364956762496567,0.0003512103559557574,0.013298357269009914,0.0073662996,1.067341350389911,0.973114
2023-09-12,0.0003771048617748726,0.00032782930633587515,4.927555543899747e-05,-0.001842022,1.0673939442277944,0.9713215
2023-09-13,-0.007682135095173261,0.000327796201724055,-0.008009931296897317,-0.006368637,1.0588441920678056,0.9651355
2023-09-14,-0.005713665514832384,0.00033627052971040006,-0.006049936044542784,-0.0008403659,1.0524382524246598,0.9643245
2023-09-15,-0.002985117771367024,0.00032671105958843427,-0.0033118288309554583,-0.0066238046,1.0489527570774795,0.957937
2023-09-18,0.0053217810753135265,0.0003347933640671447,0.004986987711246382,0.005104184,1.0541838715867027,0.9628265
2023-09-19,-0.0019697045638724293,0.00032960107417171706,-0.0022993056380441463,-0.0019341707,1.0517599806672282,0.9609642
2023-09-20,-0.0058387101475440425,0.00032058505684486917,-0.006159295204388912,-0.0039806366,1.0452818804621362,0.95713896
2023-09-21,-0.0057684415894847145,0.0003205548966387833,-0.0060889964861234975,-0.008972704,1.0389171627649938,0.9485508
2023-09-22,0.011357967313377302,0.0003386081208224788,0.011019359192554822,0.01810515,1.0503653641528112,0.96572447
2023-09-25,0.0013166246763284125,0.00033405194941786516,0.0009825727269105473,-0.0065071583,1.0513974245129194,0.95944035
2023-09-26,-0.006024420470675477,0.00032987327941029764,-0.006354293750085774,-0.0058445334,1.0447165364294806,0.95383286
2023-09-27,-0.0004197564761440643,0.0003255848105068949,-0.0007453412866509592,0.0020606518,1.0439378660620326,0.9557984
2023-09-28,-0.004093026441494083,0.000332322146195868,-0.004425348587689951,-0.0029671788,1.039318077100819,0.95296234
2023-10-09,0.0036993686415793554,0.00032778518690173994,0.0033715834546776155,-0.0012982488,1.0428222247337195,0.9517252
2023-10-10,-0.00800305346157674,0.0002625565022684413,-0.008265609963845181,-0.0074903965,1.0342026629624412,0.9445964
2023-10-11,-0.0027726946991821866,0.00026164694754520987,-0.0030343416467273963,0.0028492212,1.031064538751058,0.9472878
2023-10-12,0.009928676760305696,0.00033046181731453717,0.009598214942991158,0.009496808,1.0409609178140866,0.956284
2023-10-13,-0.0009404154935280171,0.0003350663654851584,-0.0012754818590131754,-0.010525703,1.039633191047473,0.94621843
2023-10-16,-0.0027933931484409526,0.0003220664169909763,-0.003115459565431929,-0.010048032,1.0363942558778836,0.9367108
2023-10-17,0.0017336471430859667,0.00032897836995122044,0.0014046687731347463,0.0035295486,1.0378500465257716,0.9400169
2023-10-18,-0.009775051434014507,0.0003240670285674086,-0.010099118462581914,-0.007918894,1.0273686759595118,0.932573
2023-10-19,-0.017602276014820475,0.00032104746454795276,-0.01792332347936843,-0.02133733,1.008954814847719,0.9126744
2023-10-20,-0.008558717597526501,0.00032572185475743536,-0.008884439452283937,-0.00649482,0.9999908168851142,0.90674675
2023-10-23,-0.009723264072213127,0.00032188980052319223,-0.010045153872736318,-0.0103544,0.98994575525818,0.89735794
2023-10-24,-0.0011402620840932985,0.0003299698547257892,-0.0014702319388190878,0.0037101507,0.9884903053911009,0.9006873
2023-10-25,2.3828652797715406e-05,0.0003346222140538114,-0.000310793561256096,0.004969716,0.9881830889688213,0.90516347
2023-10-26,0.008382516687264389,0.00033577441527632976,0.00804674227198806,0.0027621984,0.9961347436032906,0.9076637
2023-10-27,0.007970333688674714,0.0003355107451704135,0.0076348229435043,0.013730288,1.0037400559985747,0.9201262
2023-10-30,-0.005057335521223984,0.00032747956570569755,-0.005384815086929682,0.0060015917,0.998335101401678,0.92564845
2023-10-31,0.0006600574584241212,0.00032733109970060957,0.0003327263587235116,-0.0031419396,0.9986672738047534,0.9227401
2023-11-01,0.00014337094935661714,0.00033251388316955885,-0.0001891429338129417,-0.0004143119,0.998478382946683,0.9223578
2023-11-02,-0.0013955561156684946,0.0003276212450972047,-0.0017231773607656992,-0.004715681,0.9967578276019754,0.91800827
2023-11-03,0.0012597233238076534,0.0003299972658429703,0.000929726057964683,0.008426666,0.9976845393277771,0.925744
2023-11-06,0.0029830720811036752,0.00032912794580483936,0.002653944135298836,0.013523459,1.0003323383598044,0.93826324
2023-11-07,-0.0005603951517880757,0.0003325073791182143,-0.00089290253090629,-0.0035374165,0.9994391390831355,0.9349442
2023-11-08,-0.001516956720956019,0.00032742237781254775,-0.0018443790987685666,-0.0024007559,0.9975957944245194,0.9326996
2023-11-09,0.002901090418924273,0.000328545300966175,0.002572545117958098,0.00048744678,1.0001621546151618,0.9331543
2023-11-10,-0.0006167817239185206,0.0003260531917967601,-0.0009428349157152807,-0.007290721,0.9992191668144136,0.9263509
2023-11-13,-0.0018519824641950058,0.00032872421865352787,-0.002180706682848534,-0.0019741058,0.9970401628997111,0.92452216
2023-11-14,0.0023569731465737406,0.0003311888045887689,0.0020257843419849717,0.0007404089,0.9990599512500435,0.92520666
2023-11-15,0.004007532159211355,0.00032850399039939055,0.003679028168811965,0.007032275,1.0027355209530244,0.931713
2023-11-16,-0.007103549311972317,0.00032442558125982286,-0.00742797489323214,-0.009672105,0.9952872266788334,0.92270136
2023-11-17,-2.784819679219844e-05,0.00032427286762619746,-0.0003521210644183959,-0.0012009144,0.9949367650811732,0.92159325
2023-11-20,0.004733240130149157,0.0003376447746275953,0.004395595355521561,0.0023121834,0.9993101045048016,0.9237241
2023-11-21,-0.0018168095743220905,0.0003253971840814705,-0.002142206758403561,0.0013282299,0.9971693756451905,0.924951
2023-11-22,-0.009016559434734627,0.000328598088587084,-0.00934515752332171,-0.010234356,0.9878506707523539,0.9154847
2023-11-23,0.005569126257450023,0.00032536364995175063,0.005243762607498272,0.0048244,0.9930307251614373,0.9199014
2023-11-24,-0.0061112412388790414,0.00032640840470917176,-0.006437649643588213,-0.006601095,0.9866379412675297,0.913829
2023-11-27,-0.004957536344145408,0.00031760657234982417,-0.005275142916495232,-0.007368505,0.9814332851205069,0.9070955
2023-11-28,0.0022045068454729024,0.00033109085102486346,0.001873415994448039,0.0018736124,0.9832719179343353,0.90879506
2023-11-29,-0.0054941772921218,0.00032133067057489156,-0.005815507962696692,-0.0085859895,0.9775536922660921,0.90099216
2023-11-30,0.005703054414801829,0.00032112229714678436,0.005381932117655044,0.002261877,0.9828148198792314,0.9030301
2023-12-01,-0.004422020627776418,0.0003292770030196527,-0.004751297630796071,-0.0038098693,0.9781451741540279,0.89958966
2023-12-04,0.0009627692629371913,0.00031309078639218154,0.0006496784765450097,-0.006529093,0.9787806540206122,0.89371616
2023-12-05,-0.011189159928045204,0.00026635223664751606,-0.01145551216469272,-0.01903963,0.9675682203319131,0.8767001
2023-12-06,-0.0029106589002208198,0.0003272723819961784,-0.0032379312822169984,0.001573205,0.9644353009236215,0.87807935
2023-12-07,0.00040099296136527257,0.0003280575583692687,7.293540299600386e-05,-0.0024473667,0.9645056424009579,0.87593037
2023-12-08,0.005765447236101926,0.000255561276014597,0.005509885960087329,0.0024120808,0.9698199584984479,0.8780432
2023-12-11,0.006694035558591528,0.000336163656011252,0.006357871902580276,0.005880356,0.9759859495631468,0.88320637
2023-12-12,0.005331848723052264,0.0003105448101159649,0.005021303912936299,0.0021494627,0.980886671630659,0.8851048
2023-12-13,-0.004905760610525564,0.00030920645955646067,-0.005214967070082024,-0.016689062,0.9757713799386227,0.8703332
2023-12-14,-0.0024197870819554963,0.00032274843129758557,-0.002742535513253082,-0.0052379966,0.9730952922763251,0.8657744
2023-12-15,-0.009411603760208068,0.00033129016232162346,-0.00974289392252969,-0.0031056404,0.9636145280671639,0.8630856
2023-12-18,0.0032684730570425647,0.00032624573166507663,0.002942227325377488,-0.0036450028,0.9664497010627737,0.8599397
2023-12-19,0.0027625650481173684,0.0003304689879130077,0.0024320960602043605,0.0014026165,0.9688001995731143,0.86114585
2023-12-20,-0.006172894027298944,0.00033586393124349767,-0.006508757958542442,-0.010959685,0.9624945135639053,0.851708
2023-12-21,0.003962995058868996,0.00019629356586368796,0.003766701493005308,0.010119796,0.9661199430851559,0.8603271
2023-12-22,0.0008152502606259196,0.0003288453596941031,0.0004864049009318165,0.0019093752,0.9665898685603606,0.8619698
2023-12-25,0.005982785403773165,0.0003205330861648617,0.005662252317608304,0.0030623674,0.972062944283793,0.8646095
2023-12-26,-0.0028627076427482404,0.00031674658056324127,-0.0031794542233114817,-0.0067692995,0.9689723146502653,0.85875666
2023-12-27,0.005757878260912216,0.0003142895422033224,0.005443588718708893,0.0034799576,0.9742470014110368,0.8617451
2023-12-28,-0.002684816375560918,0.00032797101687031844,-0.0030127873924312362,0.023432732,0.9713118023280717,0.88193816
2023-12-29,0.0052034285078363905,0.00033108234106354087,0.0048723461667728495,0.0048527718,0.9760443696648861,0.886218
2024-01-02,0.00487440563094734,0.0003222994969963036,0.004552106133951036,-0.013045371,0.980487427227046,0.874657
2024-01-03,0.0022316958083612383,0.00032612631839828104,0.0019055694899629573,-0.0023771524,0.9823558141536621,0.8725778
2024-01-04,0.0019658818634803988,0.00032451251904773134,0.0016413693444326674,-0.009250283,0.9839682228723391,0.8645062
2024-01-05,-0.0011226741656833715,0.0003195532332811948,-0.0014422273989645662,-0.005359888,0.9825491169416021,0.8598725
2024-01-08,-0.006647369373227021,0.00032085198827894976,-0.00696822136150597,-0.0129314065,0.9757024971962007,0.84875315
2024-01-09,0.00017829303787969872,0.000324699027435817,-0.00014640598955611826,0.0019598007,0.9755596485065864,0.85041654
2024-01-10,-0.005196232627371416,0.00032509655842559334,-0.00552132918579701,-0.004668176,0.970173262546801,0.84644663
2024-01-11,0.00444029862510673,0.0003257315794618985,0.004114567045644831,0.0056574345,0.9741651054814419,0.85123533
2024-01-12,0.0036422662854702767,0.00033206125633021685,0.00331020502914006,-0.0034894347,0.9773897917128193,0.848265
2024-01-15,9.74137201379544e-05,0.00032473857963036376,-0.00022732485949240937,-0.0009895563,0.9771676067157489,0.8474256
2024-01-16,0.005068571037697656,0.00031252235460363034,0.0047560486830940255,0.0060836077,0.9818150634248314,0.85258096
2024-01-17,-0.010759602499494404,0.0002569336108243316,-0.011016536110318735,-0.021751761,0.9709988623249569,0.8340358
2024-01-18,-0.0024105421739901455,0.0002626441278685162,-0.002673186301858662,0.014137149,0.9684032014670695,0.8458267
2024-01-19,-0.00640954129943418,0.00031519865683083754,-0.006724739956265017,-0.0015116334,0.9618909417643889,0.8445481
2024-01-22,-0.01719918197604148,0.0003239107120033605,-0.01752309268804484,-0.015560687,0.9450356376360608,0.83140635
2024-01-23,0.01150641814224734,0.0003330672917991269,0.011173350850448212,0.00404799,0.9555948523815455,0.8347719
2024-01-24,0.016978074027311076,0.0003334759135085391,0.016644598113802537,0.013979316,0.9715003446590549,0.8464414
2024-01-25,0.014253540125641775,0.0003284720406091174,0.013925068085032657,0.020081758,0.9850285531030649,0.86343944
2024-01-26,-0.013771576605484176,0.00032845797450620966,-0.014100034579990385,-0.0027222037,0.9711396164420337,0.861089
2024-01-29,-0.004842416623732165,0.0003141695572579033,-0.005156586180990069,-0.008956671,0.9661318513160768,0.8533765
2024-01-30,-0.013690741113649403,0.0003536856175602756,-0.014044426731209678,-0.017833173,0.9525630833175802,0.8381581
2024-01-31,-0.01882440317365598,0.0003368153504648295,-0.019161218524120806,-0.009149373,0.9343108139201218,0.83048946
2024-02-01,0.011780472711941487,0.0003435339169566365,0.01143693879498485,0.0007339716,0.9449964695144187,0.83109903
2024-02-02,-0.03782064659202334,0.0003361319355134598,-0.0381567785275368,-0.011834502,0.9089384485178529,0.8212634
2024-02-05,-0.022313417982552274,0.0003560783052572929,-0.02266949628780957,0.0065385103,0.88833327173333,0.8266332
2024-02-06,0.07408370807535314,0.0002899670326330069,0.07379374104272013,0.03476727,0.9538867071472517,0.855373
2024-02-07,0.01643542009941793,0.0003353806097035086,0.016100039489714422,0.009644628,0.9692443208010361,0.8636228
2024-02-08,0.0383495873241395,0.0003545612778487641,0.037995026046290736,0.006370306,1.0060707840150906,0.86912435
2024-02-19,0.02171471591797426,0.00034337806641909096,0.02137133785155517,0.01155448,1.0275718626428563,0.8791666
2024-02-20,0.009581663228285433,0.0002827830895337317,0.009298880138751702,0.0020682812,1.037127130227526,0.88098496
2024-02-21,0.017900764336682164,0.00033677054587676183,0.017563993790805404,0.013492227,1.055343224703118,0.89287144
2024-02-22,0.014254989540003338,0.00027090656541309385,0.013984082974590244,0.008620501,1.0701012319240382,0.9005684
2024-02-23,0.0066835614585961725,0.00028512271313051537,0.006398438745465657,0.0008804798,1.0769482091079514,0.90136135
2024-02-26,0.00244917329185757,0.00033801386069226623,0.0021111594311653036,-0.010424852,1.0792218184764863,0.8919648
2024-02-27,0.018501969095698984,0.00031815902558979275,0.01818381007010919,0.0119969845,1.0988461830471807,0.9026657
2024-02-28,-0.016257391173210713,0.00032346127947643184,-0.016580852452687145,-0.012741804,1.080626376617877,0.89116406
2024-02-29,0.013868101534680714,0.0003235759528981085,0.013544525581782605,0.019076824,1.0952629482203269,0.9081646
2024-03-01,0.0037981928597473095,0.0003187905877740897,0.00347940227197322,0.006177306,1.0990738086107728,0.9137746
2024-03-04,0.007771209974883016,0.0003372570827649853,0.00743395289211803,0.0008677244,1.1072442715289461,0.91456753
2024-03-05,0.0014213606436375868,0.0003291573074189021,0.0010922033362186848,0.006958723,1.108453607416319,0.92093176
2024-03-06,-0.0026801756173416257,0.0003128838863120669,-0.0029930595036536927,-0.0040555,1.1051359398122822,0.9171969
2024-03-07,-0.009812193659833376,0.0003222477105230519,-0.010134441370356427,-0.006006658,1.0939360044239808,0.9116876
2024-03-08,-0.0035972116674272683,0.0003424838735158849,-0.003939695540943153,0.0043034554,1.0896262296252743,0.915611
2024-03-11,0.02539440036106274,0.00035234315759502836,0.02504205720346771,0.012510896,1.1169127119979494,0.92706615
2024-03-12,0.02615837588268879,0.00034885310465052657,0.025809522778038264,0.0022928715,1.145739696079341,0.92919177
2024-03-13,-0.0029599823129145097,0.0003376774705837081,-0.003297659783498218,-0.0069853663,1.1419614363612227,0.922701
2024-03-14,-0.0042103913042509065,0.0003519529575217147,-0.004562344261772621,-0.0028384328,1.1367514151548745,0.920082
2024-03-15,-0.0006284231177699387,0.00033410787586544337,-0.000962530993635382,0.0021811724,1.135657256685729,0.9220888
2024-03-18,0.0042078713280531725,0.0003249615153416118,0.0038829098127115607,0.009395003,1.140066911391591,0.9307518
2024-03-19,-0.008292801445735394,0.0003014429962116391,-0.008594244441947032,-0.0071873665,1.1302688976749162,0.92406213
2024-03-20,0.003376139445015065,0.0003429369774748163,0.0030332024675402487,0.0021662712,1.133697232084328,0.9260639
2024-03-21,0.0005902666576855001,0.0003376653060333198,0.00025260135165218033,-0.0011965632,1.1339836055375168,0.9249558
2024-03-22,-0.0035052017475334196,0.0003209715875340675,-0.003826173335067487,-0.010077953,1.1296447877036053,0.9156341
2024-03-25,-0.00011891892735334323,0.00033903819518791786,-0.0004579571225412611,-0.00542742,1.129127458827135,0.91066456
2024-03-26,0.008114271279617651,0.00033709602188666143,0.00777717525773099,0.005102396,1.13790888096275,0.91531116
2024-03-27,-0.007835598997346524,0.000331043220464224,-0.008166642217810749,-0.011558354,1.128615986255458,0.9047317
2024-03-28,0.0001917336456847428,0.0003258717251249516,-0.00013413807944020881,0.005187273,1.128464595874636,0.9094248
2024-03-29,0.0059395770883970455,0.0003352528841849191,0.005604324204212126,0.004691839,1.1347888773228927,0.91369164
2024-04-01,0.014081177381059838,0.00033672917256169743,0.013744448208498142,0.016443968,1.1503859242748369,0.92871636
2024-04-02,0.0011448422452717782,0.00033318543275324915,0.000811656812518529,-0.0041633844,1.1513196428473,0.92484975
2024-04-03,-0.002399068873118164,0.0003168620829785663,-0.0027159309560967305,-0.003597021,1.148192738188929,0.92152303
2024-04-08,0.004873722621444473,0.000323962725734286,0.004549759895710187,-0.008798182,1.1534167394616868,0.9134153
2024-04-09,-0.007149609344926987,0.0003297057575851679,-0.007479315102512154,-0.00082570314,1.1447899722227406,0.9126611
2024-04-10,0.0005950038073044282,0.00032724432359151944,0.0002677594837129087,-0.008144915,1.1450965005946625,0.90522754
2024-04-11,0.003514635241716076,0.0003328165266468599,0.003181818715069216,-0.00013411045,1.1487399900708148,0.9051061
2024-04-12,-0.00707854225109917,0.000327880263238688,-0.007406422514337858,-0.008104444,1.140231936345234,0.89777076
2024-04-15,0.02437273885499507,0.0003378437373286179,0.02403489511766645,0.021071196,1.1676372913451056,0.91668785
2024-04-16,-0.007824833993642763,0.0003344787694394406,-0.008159312763082203,-0.010698497,1.1581101734911827,0.9068807
2024-04-17,0.017032802342063294,0.0003330493066543346,0.016699753035408958,0.015462279,1.17745032737628,0.92090315
2024-04-18,0.0026478671013540934,0.00033096336358908753,0.0023169037377650057,0.0012340546,1.1801783664408108,0.92203957
2024-04-19,-0.008656785022103397,0.000336614292167402,-0.0089933993142708,-0.007882774,1.1695645511293447,0.9147713
2024-04-22,0.00035894572289087287,0.0003302425923862368,2.8703130504636055e-05,-0.0030381083,1.1695981212932893,0.91199213
2024-04-23,-0.010160493333415335,0.0003285592448786286,-0.010489052578293964,-0.006989777,1.1573301451035702,0.90561754
2024-04-24,0.005563579647365098,0.00033946873272768527,0.005224110914637413,0.0043922663,1.1633761661464446,0.90959525
2024-04-25,0.0026898691050495477,0.0003141271170745352,0.0023757419879750124,0.0024591684,1.1661400477521682,0.9118321
2024-04-26,0.0037292412002044987,0.00035262267053547396,0.003376618529669025,0.01529336,1.1700776578455974,0.9257771
2024-04-29,0.00448941088007975,0.0003424985804073954,0.004146912299672355,0.011059403,1.1749298672764892,0.9360156
2024-04-30,-0.0010785991544734906,0.0003252432366627976,-0.0014038423911362883,-0.005386412,1.1732804509221944,0.9309738
2024-05-06,0.003839625484693788,0.0003438313263434195,0.0034957941583503684,0.014840245,1.1773819978686348,0.9447897
2024-05-07,-0.002674489058045258,0.0003268241358527148,-0.003001313193897973,0.00030887127,1.1738483057441738,0.94508153
2024-05-08,0.0028404368571574353,0.0003239982489197024,0.002516438608237733,-0.00786823,1.1768022229409627,0.93764544
2024-05-09,0.002153819587453831,0.00033222235071999923,0.001821597236733832,0.009459496,1.1789458826184542,0.9465151
2024-05-10,0.003846600177886254,0.0003218977558333105,0.003524702422052943,0.00046944618,1.183101316026389,0.94695944
2024-05-13,0.006537748204996881,0.00033907862084767176,0.0061986695841492094,-0.0004336834,1.1904349701690087,0.94654876
2024-05-14,0.00303780793441667,0.0003382552936905538,0.0026995526407261163,-0.0020847917,1.193648612036341,0.9445754
2024-05-15,-0.007730998755570203,0.00033112076253066346,-0.008062119518100867,-0.008473992,1.1840252742634887,0.9365711
2024-05-16,0.002207809003068456,0.0003332693920661138,0.0018745396110023422,0.0039436817,1.1862447765405235,0.94026464
2024-05-17,0.005858425748791893,0.00033439652856849625,0.0055240292202233966,0.010331392,1.1927976273484708,0.9499789
2024-05-20,0.005629722464014043,0.0003304131397746915,0.005299309324239351,0.0035318136,1.199118630937009,0.95333403
2024-05-21,-0.0070694068098715096,0.0003311437161298172,-0.007400550526001326,-0.004009843,1.1902444929220901,0.9495113
2024-05-22,0.0031372626326806076,0.0003271516358254517,0.002810110996855156,0.0022550821,1.1935892120605969,0.9516525
2024-05-23,-0.008716958478647438,0.00033297111347228685,-0.009049929592119725,-0.011578381,1.1827873137295348,0.94063395
2024-05-24,-0.0033074650769899403,0.00032760023332054886,-0.0036350653103104894,-0.011068702,1.1784878045959213,0.93022233
2024-05-27,0.009875556214628411,0.00034135571438189907,0.009534200500246512,0.009504437,1.1897237436120343,0.93906355
2024-05-28,-0.003591095683637095,0.0003239060112391014,-0.003915001694876197,-0.007299781,1.1850659731393587,0.9322086
2024-05-29,-0.005165994607706005,0.0003295978120063638,-0.005495592419712369,0.0012052059,1.178553333560515,0.9333321
2024-05-30,-0.007004967086457217,0.00032777167100706315,-0.007332738757464281,-0.0053161383,1.169911309853777,0.92837036
2024-05-31,-0.0009437854617258774,0.00033042869235422724,-0.0012742141540801047,-0.004003525,1.168420592303743,0.9246536
2024-06-03,-0.00018689781073956174,0.00032198709411509807,-0.0005088849048546598,0.0024665594,1.1678260007017982,0.9269343
2024-06-04,0.004696398515546703,0.00033373142132573665,0.004362667094220966,0.0075012445,1.1729208367668356,0.9338875
2024-06-05,-0.0070272667356359635,0.00026244556675850854,-0.007289712302394472,-0.0057748556,1.1643705813133216,0.9284944
2024-06-06,0.004589846852452537,0.00018141556429751842,0.004408431288155019,-0.00070655346,1.1695036290149905,0.9278384
2024-06-07,0.009685840124233847,0.0003587432200482314,0.009327096904185615,-0.005049765,1.1804117026926102,0.92315304
2024-06-11,-0.011843272999542699,0.00032889287411756924,-0.012172165873660268,-0.008737862,1.1660435356482262,0.9150867
2024-06-12,0.0046649539297712065,0.00032788937652853593,0.00433706455324267,0.00034999847,1.1711007417342236,0.91540694
2024-06-13,-0.002211123600356301,0.00033505593942035353,-0.0025461795397766543,-0.0050760508,1.1681189089866026,0.9107603
2024-06-14,-0.0029875727328684083,0.00032405721478929257,-0.003311629947657701,0.0043674707,1.1642505314251774,0.914738
2024-06-17,-0.002173561364220738,0.0003305598279678608,-0.0025041211921885986,-0.0015050173,1.1613351069964188,0.9133613
2024-06-18,0.006133408139723104,0.0003287275812530691,0.0058046805584700345,0.002655387,1.1680762863138696,0.9157866
2024-06-19,0.0008673551085297179,0.0003316253955705308,0.0005357297129591871,-0.0047495365,1.1687020594874509,0.91143703
2024-06-20,-0.0007073412582679276,0.000324951730772357,-0.0010322929890402845,-0.007217884,1.167495616545165,0.9048584
2024-06-21,-0.0009117367083939573,0.0003295457874860221,-0.0012412824958799795,-0.0021865368,1.166046424672331,0.9028799
2024-06-24,-0.00021616342741082728,0.0003296724720406884,-0.0005458358994515157,-0.005380988,1.1654099546733176,0.8980215
2024-06-25,-0.00460656539277062,0.00032410400786308017,-0.0049306694006337,-0.005438864,1.159663703470616,0.8931373
2024-06-26,0.0069139322832338325,0.0003359588280444012,0.006577973455189431,0.0064663887,1.1672919405289925,0.89891267
2024-06-27,-0.0013494013699116483,0.00032757493177303397,-0.0016769763016846822,-0.00751096,1.1653344196075779,0.89216095
2024-06-28,0.011586594954268028,0.00034245662140596666,0.011244138332862062,0.0021828413,1.178437601025691,0.8941084
2024-07-01,0.012686858762138728,0.0003144548733734255,0.012372403888765302,0.0047723055,1.1930177069832886,0.8983754
2024-07-02,-0.003035780803641382,0.00034087476527440484,-0.0033766555689157866,-0.001837194,1.1889892970991884,0.8967249
2024-07-03,-0.007297987597679727,0.0003269587596778798,-0.007624946357357607,-0.0024137497,1.1799233174893349,0.8945604
2024-07-04,-0.004907469779463517,0.00031210349933925884,-0.005219573278802776,-0.0050816536,1.1737646212703312,0.8900145
2024-07-05,-0.006365955384887485,0.0003246556826057254,-0.006690611067493211,-0.004280627,1.165911418704628,0.8862047
2024-07-08,0.0005191315220152904,0.0003178230677913436,0.0002013084542239468,-0.008539617,1.1661461265300894,0.8786369
2024-07-09,0.006251476817032177,0.00026492155442456734,0.0059865552626076094,0.011185408,1.1731273247608378,0.8884648
2024-07-10,-0.0053568122825173835,0.00032743593211860073,-0.005684248214635985,-0.0031512976,1.1664589778595253,0.885665
2024-07-11,0.008999774921542756,0.0003360941724676082,0.008663680749075147,0.011431932,1.1765648060505929,0.89578986
2024-07-12,0.006075039699174487,0.00033890065413916455,0.005736139045035323,0.0012197495,1.183313745373594,0.8968825
2024-07-15,0.009216009855809067,0.0003317049667208627,0.008884304889088203,0.0011087656,1.193826665466942,0.8978769
2024-07-16,0.003430125897731965,0.0003302538834260464,0.003099872014305919,0.006337285,1.1975273753371551,0.903567
2024-07-17,-0.0024286245934728302,0.0003217223736121864,-0.0027503469670850165,0.0009433031,1.1942337595523953,0.90441936
2024-07-18,0.006773265038554768,0.00033135953653600593,0.006441905502018763,0.005526066,1.2019269005787525,0.9094173
2024-07-19,-0.0019850594434517384,0.0003266767344217853,-0.0023117361778735236,0.0051379204,1.1991483626795252,0.9140898
2024-07-22,-0.01194236935033205,0.00033007101807742604,-0.012272440368409476,-0.0068098307,1.1844318859056648,0.907865
2024-07-23,-0.0065469815938537495,0.00032297704739525055,-0.006869958641249,-0.021349013,1.1762948878361164,0.888483
2024-07-24,0.000694461381669898,0.0003378320682531233,0.0003566293134167747,-0.0063112974,1.176714389074341,0.8828755
2024-07-25,-0.011256661354438355,0.00031142694086800185,-0.011568088295306356,-0.0055292845,1.1631020531231715,0.8779938
2024-07-26,-0.001994920749105905,0.0003262483623042815,-0.0023211691114101867,0.002947688,1.1604022965640441,0.88058186
2024-07-29,-0.0020283773729743233,0.0003312420301199163,-0.0023596194030942397,-0.00544101,1.1576641887896766,0.8757906
2024-07-30,-0.0036899869346640906,0.0003190860091855773,-0.0040090729438496675,-0.0062994957,1.1530230286123362,0.87027353
2024-07-31,0.018317948790824226,0.00033663089246595154,0.017981317898358273,0.021576643,1.1737559022339425,0.88905114
2024-08-01,-0.003592480993400943,0.0003371073640735866,-0.0039295883574745295,-0.0066268444,1.1691435247060071,0.8831595
2024-08-02,-0.0023583649820105475,0.0003217752687247277,-0.002680140250735275,-0.010200977,1.166010056086556,0.87415045
2024-08-05,-0.009931645072242984,0.0003264786203934147,-0.010258123692636399,-0.012135088,1.1540489807043623,0.86354256
2024-08-06,-0.007813219112060996,0.00032850055884966746,-0.008141719670910662,-0.000101685524,1.1446530374169672,0.86345476
2024-08-07,0.0031583073744020865,0.0003318482011002504,0.0028264591733018363,-0.00044572353,1.1478883524948222,0.8630699
2024-08-08,-0.00038673844200006315,0.0003276330453096533,-0.0007143714873097164,0.0004339218,1.147068333785185,0.8634444
2024-08-09,0.003239391934604865,0.0003234714849013081,0.002915920449703557,-0.0033832192,1.1504130937968766,0.86052316
2024-08-12,-0.0018471113003978544,0.0003330580153691697,-0.002180169315767024,-0.0017318726,1.1479049984693241,0.85903287
2024-08-13,0.006501019849006359,0.000333902199866361,0.0061671176491399984,0.0025647879,1.1549842636449204,0.8612361
2024-08-14,-0.001693502906127113,0.00032904294290349664,-0.0020225458490306094,-0.00754261,1.1526482550167896,0.85474014
2024-08-15,0.009277997894372066,0.0003338759759849679,0.008944121918387098,0.009884477,1.1629576815386757,0.8631888
2024-08-16,0.003001999868856521,0.000327034284611826,0.002674965584244695,0.0011011362,1.1660685533127246,0.8641393
2024-08-19,0.007002106092252636,0.00032453291621609907,0.006677573176036537,0.0033894777,1.1738550614057452,0.8670683
2024-08-20,-0.005934666948352322,0.0003213659867587649,-0.006256032935111087,-0.007229686,1.166511385480544,0.8607997
2024-08-21,-0.0035578562301428742,0.0003185831141662339,-0.0038764393443091083,-0.0033186078,1.1619894748502826,0.857943
2024-08-22,0.003887182645902326,0.00032068198430333563,0.0035665006615989902,-0.0025590062,1.1661337110811072,0.8557475
2024-08-23,0.0035037961451434654,0.00033439032819063174,0.0031694058169528336,0.0042407513,1.1698296620483526,0.85937655
2024-08-26,-0.0008717681716642655,0.0003278314638021061,-0.0011995996354663716,-0.00089263916,1.1684263348122017,0.85860944
2024-08-27,0.0027111694374878145,0.000340215088187014,0.0023709543493008003,-0.005682528,1.1711966203125623,0.8537304
2024-08-28,-0.008145945885875368,0.00033483801231353074,-0.008480783898188899,-0.0056968927,1.1612639548734023,0.84886676
2024-08-29,-0.02365131270330567,0.00032558675688874823,-0.02397689946019442,-0.0026837587,1.133420445780655,0.8465886
2024-08-30,-0.012369974447002052,0.00032541108497339535,-0.012695385531975448,0.013347864,1.119031236251646,0.85788876
2024-09-02,0.0018279918375325866,0.0003252625436992647,0.001502729293833322,-0.016986668,1.1207128372710757,0.8433161
2024-09-03,-0.01161596882180423,0.0003251031615654602,-0.01194107198336969,0.0025788546,1.1073303246085353,0.8454909
2024-09-04,-0.003376050418361724,0.0003243764231469342,-0.003700426841508658,-0.0064977407,1.1032327297529374,0.8399971
2024-09-05,-0.0009761874827034027,0.00033136437484680806,-0.0013075518575502109,0.0017219782,1.1017901957478389,0.8414436
2024-09-06,-0.004473849965751171,0.000332021806309316,-0.004805871772060487,-0.008106828,1.0964951333473614,0.83462214
2024-09-09,-0.006123303511769821,0.0003299696083514548,-0.006453273120121276,-0.011883557,1.089419150776987,0.8247039
2024-09-10,0.004014647732361225,0.00033468929627408685,0.0036799584360871383,0.000880003,1.0934281679713238,0.8254296
2024-09-11,-0.010755587338466271,0.0003081957084121242,-0.011063783046878396,-0.0030133128,1.0813307159435435,0.8229423
2024-09-12,-0.0037396427536165082,0.000337124388977203,-0.004076767142593711,-0.004287362,1.0769223824105074,0.8194141
2024-09-13,-0.0027641311377717384,0.0003375993694237926,-0.003101730507195531,-0.0041670203,1.0735820594031031,0.81599957
2024-09-18,0.004063168920233416,0.0003345173316338542,0.003728651588599562,0.00372231,1.0775850728543883,0.81903696
2024-09-19,0.0056022569556466,0.00033064312925164344,0.0052716138263949565,0.007893443,1.0832656852235643,0.825502
2024-09-20,0.0001714673970485461,0.00033054878404761666,-0.00015908138699907056,0.0015676022,1.0830933578158704,0.82679605
2024-09-23,0.0019184563467532529,0.00033486446502962596,0.001583591881723627,0.0036581755,1.0848085356644563,0.82982063
2024-09-24,0.0316500410704409,0.0003359635924283295,0.03131407747801257,0.043311715,1.1187783141990624,0.8657616
2024-09-25,0.010845342744518444,0.0003473928670424239,0.01049794987747602,0.014803529,1.1305231928655313,0.8785779
2024-09-26,0.031057920383264246,0.0003234098703345104,0.030734510512929736,0.04227209,1.165269269821768,0.9157172
2024-09-27,0.024247962579339526,0.00034787561175871285,0.02390008696758081,0.044667363,1.1931193067111574,0.95661986
2024-09-30,0.07267253025872386,0.0002109188173844124,0.07246161144133945,0.08482647,1.2795746543172215,1.0377666
2024-10-08,0.044694024660493555,0.00035683824881821695,0.04433718641167534,0.05929792,1.336307394293339,1.099304
2024-10-09,-0.06821061113982213,0.0002682212651663195,-0.06847883240498845,-0.070515275,1.2447986241979787,1.0217862
2024-10-10,0.023428343112430767,0.00032874054370449614,0.02309960256872627,0.010568738,1.2735529776950492,1.0325853
2024-10-11,-0.014520188773871052,0.00032035085296016247,-0.014840539626831215,-0.027670264,1.254652764262697,1.0040133
2024-10-14,0.020743222804130514,0.0002792182258231272,0.020464004578307386,0.019080639,1.2803279841747548,1.0231705
2024-10-15,-0.023971683381456634,0.00034841562051732327,-0.024320099001973957,-0.02659452,1.249190280844627,0.99595976
2024-10-16,0.002723344263837809,0.00031883717603484516,0.002404507087802964,-0.006327808,1.2521939677289324,0.9896575
2024-10-17,-0.01687138727864113,0.0003782961514732629,-0.01724968343011439,-0.011319041,1.2305940181925095,0.97845554
2024-10-18,0.02591586700282127,0.0003321604429514406,0.02558370655986983,0.036167383,1.2620771744482777,1.0138438
2024-10-21,0.007361981879521644,0.00032634331002053246,0.0070356385695011115,0.0025399923,1.270956693294513,1.0164189
2024-10-22,0.011371651858914597,0.00034298926995348614,0.01102866258896111,0.00573802,1.28497364583004,1.0222511
2024-10-23,0.01094742092200323,0.00024479690909431955,0.010702624012908911,0.0038986206,1.2987262356278557,1.0262365
2024-10-24,-0.010130804136225205,0.00036575574114019695,-0.010496559877365402,-0.011169732,1.2850940779312825,1.0147737
2024-10-25,-0.0031129797326687448,0.0003231379578326305,-0.0034361176905013755,0.0070225,1.2806783434361444,1.0218999
2024-10-28,-0.003377291648054323,0.00034355786868164287,-0.0037208495167359657,0.0019563437,1.2759131320408756,1.0238991
2024-10-29,-0.0030734360509100333,0.0003598805573680109,-0.0034333166082780443,-0.009966791,1.2715325182939197,1.013694
2024-10-30,-0.010791276218062702,0.00033067002304754725,-0.011121946241110249,-0.008968949,1.257390601981631,1.0046023
2024-10-31,-0.008858670760455788,0.0003173908359236995,-0.009176061596379487,0.00040876865,1.245852708367139,1.005013
2024-11-01,0.01164497801060874,0.00033117199193711226,0.011313806018671628,-0.00026214123,1.2599480442374416,1.0047495
2024-11-04,0.010255139683133397,0.00034367025814129645,0.0099114694249921,0.014071941,1.2724359807549794,1.0188884
2024-11-05,0.02010656300412969,0.0003322871802169605,0.01977427582391273,0.025301933,1.2975974808066995,1.0446682
2024-11-06,-0.008473636168126132,0.00034768426246450387,-0.008821320430590637,-0.0050165653,1.2861509576385763,1.0394275
2024-11-07,0.01811376913708332,0.0003318985960895079,0.01778187054099381,0.030171871,1.3090211274634806,1.070789
2024-11-08,-0.007264519529889704,0.0003121292099502286,-0.0075766487398399324,-0.010046542,1.2991031341876607,1.0600313
2024-11-11,-0.007714893483733247,0.00034042474305781074,-0.008055318226791057,0.0065983534,1.2886384450323574,1.0670258
2024-11-12,-0.009534063918545351,0.00033260714381967065,-0.009866671062365022,-0.010987222,1.2759238733769056,1.0553021
2024-11-13,0.010133630835755568,0.00032702236217698437,0.009806608473578584,0.00615561,1.2884363592452048,1.0617982
2024-11-14,4.0534820658338975e-05,0.0003332749741464879,-0.00029274015348814894,-0.017336965,1.2880591821876397,1.0433899
2024-11-15,-0.0007889470278834083,0.00032235408389876745,-0.0011113011117821758,-0.017523944,1.2866277605864334,1.0251056
2024-11-18,0.005879733765422249,0.00031614117440800066,0.005563592591014248,-0.004648745,1.2937860332626252,1.0203401
2024-11-19,0.005759293305285658,0.0003404046058129178,0.00541888869947274,0.0067107677,1.3007969157778079,1.0271873
2024-11-20,0.003388055374236091,0.00032466238190742764,0.0030633929923286635,0.0022329092,1.3047817679340443,1.0294809
2024-11-21,-0.0029774125915876444,0.00032715521705162985,-0.003304567808639274,0.000885725,1.30047002810643,1.0303928
2024-11-22,-0.026605848190286063,0.0003151492903822227,-0.026920997480668285,-0.030982912,1.2654600777560923,0.9984682
2024-11-25,-0.002979568763225333,0.00032926004014854324,-0.0033088288033738763,-0.004555464,1.261272887001293,0.99391973
2024-11-26,0.0028721122887696345,0.0003260541679263341,0.0025460581208433006,-0.0020555854,1.2644841610778423,0.99187666
2024-11-27,0.012195641829810243,0.00033789129034058555,0.011857750539469658,0.017410636,1.279478098821014,1.0091459
2024-11-28,-0.011658213646147513,0.00032222233917571333,-0.011980435985323227,-0.008827686,1.2641493933634655,1.0002375
2024-11-29,0.006308585878241705,0.00032687284647534335,0.005981713031766362,0.011369705,1.2717111722638472,1.0116099
2024-12-02,0.002755381231224513,0.0003264853040934478,0.002428895927131065,0.007927895,1.2748000263506458,1.0196298
2024-12-03,0.010526859023138303,0.0003292007781757931,0.01019765824496251,0.0010790825,1.287800001350039,1.0207301
2024-12-04,0.006089892967116412,0.00031917682010659023,0.005770716147009821,-0.0053973794,1.2952315296119488,1.0152209
2024-12-05,-0.0043490840075471274,0.00032638785457218583,-0.004675471862119313,-0.002282083,1.2891757110403184,1.012904
2024-12-06,0.007281943122200869,0.0003359630896293785,0.006945980032571491,0.013145089,1.2981302997876807,1.0262188
2024-12-09,0.006453631812459754,0.0003330504738009379,0.006120581338658815,-0.001653552,1.3060756118757089,1.0245218
2024-12-10,0.0014123639613819571,0.00032863094189624,0.0010837330194857172,0.0073286295,1.3074910491422436,1.0320302
2024-12-11,0.002936004102532322,0.00032823128585675364,0.0026077728166755683,-0.0017042756,1.3109006887582433,1.0302714
2024-12-12,0.010754085124631824,0.0003327895415593632,0.01042129558307246,0.009945154,1.3245619723158462,1.0405176
2024-12-13,-0.012669289581942033,0.0003251659733589407,-0.012994455555300974,-0.023661435,1.307350010636346,1.0158974
2024-12-16,0.011179905692702453,0.0003366169063297131,0.01084328878637274,-0.0054255724,1.3215259843465434,1.0103855
2024-12-17,-0.0012283225285523237,0.00033558819510284485,-0.0015639107236551685,0.0026048422,1.319459235688035,1.0130174
2024-12-18,0.00743866720094098,0.00033341320093496296,0.007105254000006018,0.005063653,1.3288343287002524,1.018147
2024-12-19,-0.007524551391934004,0.0003292227502686509,-0.007853774142202655,0.000905633,1.3183979640102352,1.0190691
2024-12-20,-0.0049865182191320395,0.0003251256516798107,-0.00531164387081185,-0.00449121,1.3113951035454094,1.0144923
2024-12-23,0.009623826135568251,0.0003380321795634133,0.009285793956004838,0.0014843941,1.3235724482718458,1.0159981
2024-12-24,0.012114126229943675,0.00033123874325432785,0.011782887486689347,0.012741566,1.3391679535103151,1.0289435
2024-12-25,0.0057064943879817625,0.00032103071782364843,0.005385463670158114,0.00048685074,1.3463799938721848,1.0294445
2024-12-26,-0.007872466983300035,0.0003179401968324472,-0.008190407180132482,0.00046420097,1.3353525935031871,1.0299224
2024-12-27,-0.0006654630528558748,0.00033519859153769826,-0.0010006616443935731,-0.0016176105,1.334016357381127,1.0282563
2024-12-30,0.007236195334023755,0.0003279128278175201,0.006908282506206235,0.004526496,1.343232119245816,1.0329107
2024-12-31,-0.007442361857029572,0.00032470164509443685,-0.007767063502124009,-0.016038835,1.3327991500775414,1.0163441
2025-01-02,-0.020221529843910433,0.0003208040193623569,-0.02054233386327279,-0.029101014,1.3054203449639623,0.9867674
2025-01-03,-0.00831280629389864,0.0003317859187541303,-0.00864459221265277,-0.011841714,1.2941355184156482,0.9750824
2025-01-06,0.0021305024177661414,0.0003261306716090741,0.0018043717461570673,-0.0016397238,1.2964706199807758,0.9734835
2025-01-07,0.015621953530844869,0.0003309303956057238,0.015291023135239145,0.0072009563,1.3162949822250598,0.9804935
2025-01-08,0.003887690417752869,0.0003368087512881453,0.0035508816664647233,-0.001815021,1.3209689899451023,0.97871387
2025-01-09,-0.0012068124374758923,0.0002459361802062268,-0.0014527486176821192,-0.0024648905,1.3190499540709586,0.97630143
2025-01-10,-0.012132290932400723,0.00032653467295794145,-0.012458825605358664,-0.012540042,1.302616140728432,0.9640586
2025-01-13,-0.004428277543513239,0.0002991754308780721,-0.004727452974391312,-0.0026711226,1.2964580841794553,0.9614835
2025-01-14,0.02175447448897165,0.00032404461362863445,0.021430429875343018,0.026334286,1.3242417382387845,0.9868035
2025-01-15,0.0037330495394600105,0.0003278025986821205,0.00340524694077789,-0.0064153075,1.3287511083667727,0.9804728
2025-01-16,0.01682493511304752,0.00032807976870359795,0.01649685534434392,0.0011458397,1.350671323190136,0.9815963
2025-01-17,-0.0004504006055258248,0.0003468758757987504,-0.0007972764813245752,0.0031471252,1.349594464710157,0.9846855
2025-01-20,-0.0007969628543482445,0.0003443800121469838,-0.0011413428664952283,0.0045484304,1.3480541146951985,0.98916423
2025-01-21,-0.00516967870262221,0.00033152083683013554,-0.005501199539452346,0.0007650852,1.3406382000202803,0.98992103
2025-01-22,-0.00797593976105721,0.0002920294119640439,-0.008267969173021254,-0.009286106,1.3295538447103379,0.9807285
2025-01-23,0.010783284665876447,0.0003359916577659896,0.010447293008110457,0.0017697811,1.3434440832960868,0.9824642
2025-01-24,0.00726727861288512,0.0003358665923308528,0.006931412020554267,0.0076556206,1.352756047763988,0.9899856
2025-01-27,0.008489463516632116,0.0003272378245733467,0.00816222569205877,-0.004117012,1.3637975479321351,0.9859098
2025-02-05,-0.00987194358304372,0.00029926982683404753,-0.010171213409877767,-0.0057635903,1.3499260720242494,0.9802274
2025-02-06,0.01567741023759391,0.0003541851642954774,0.015323225073298431,0.012582064,1.3706112930581906,0.9925607
2025-02-07,0.01506188543413769,0.00033656140211699463,0.014725324032020695,0.012977481,1.3907939884704192,1.0054417
2025-02-10,0.0008228907902658667,0.00034794622189011004,0.00047494456837575666,0.0021476746,1.3914545385209731,1.007601
2025-02-11,0.004799146954430612,0.00032456715745972603,0.004474579796970885,-0.0045936108,1.3976807128874427,1.0029725
2025-02-12,0.0029107256728667665,0.00033371248578212905,0.0025770131870846372,0.009456158,1.4012825545158873,1.0124568
2025-02-13,5.7496561817944055e-05,0.00031898314625029145,-0.0002614865844323474,-0.0037552118,1.4009161379268824,1.0086548
2025-02-14,0.003746466781648649,0.00033277911404564506,0.003413687667603004,0.008673191,1.4056984280702693,1.0174031
2025-02-17,-0.0020370685484314807,0.000310591427341499,-0.0023476599757729795,0.0021299124,1.4023983261326818,1.0195701
2025-02-18,0.000752875522894518,0.00034743588447290295,0.00040543963842161506,-0.008770287,1.4029669140029521,1.0106282
2025-02-19,0.00045906094838573714,0.0003314419895357367,0.00012761895885000045,0.0069975853,1.403145959179818,1.0177002
2025-02-20,0.0002830689656817771,0.00033220555918868366,-4.913659350690657e-05,-0.0028577447,1.403077013367191,1.0147918
2025-02-21,0.0015350155305379554,0.0003200058975035708,0.0012150096330343846,0.012609124,1.4047817654543213,1.0275875
2025-02-24,-0.0004381901598669247,0.0003507734953137795,-0.0007889636551807041,-0.0021919012,1.4036734436979172,1.0253352
2025-02-25,-0.010800672088481999,0.0003326890906015646,-0.011133361179083564,-0.011101484,1.3880458402717404,1.0139525
2025-02-26,0.007781611431146261,0.0003327395157183597,0.007448871915427901,0.008734822,1.3983852159486672,1.0228091
2025-02-27,0.00777859850051766,0.0002662878522205517,0.007512310648297108,0.0020656586,1.4088903200968594,1.0249219
2025-02-28,-0.008220507038467394,0.00031841319241938867,-0.008538920230886784,-0.019674301,1.3968599180394838,1.0047573
2025-03-03,0.000996200754654992,0.0003331474358770966,0.0006630533187778954,-0.00040614605,1.3977861106440077,1.0043492
2025-03-04,1.044851090353991e-05,0.0003330149384951703,-0.00032256642759163044,-0.00083583593,1.39733523177176,1.0035098
2025-03-05,0.012689470309533345,0.00033483341794469864,0.012354636891588645,0.004465699,1.414598801176124,1.0079911
2025-03-06,0.007208069059923102,0.0003325248615333603,0.006875544198389742,0.01375258,1.4243249377565994,1.0218536
2025-03-07,-0.0013279868970787578,0.0003311696606762733,-0.0016591565577550311,-0.003091395,1.4219617596957466,1.0186946
2025-03-10,-0.00457418848459241,0.0003357913718411101,-0.0049099798564335205,-0.0038564801,1.4149799560990217,1.0147661
2025-03-11,0.00641296860686986,0.0003327862149381775,0.006080182391931682,0.0032122135,1.4235832923130312,1.0180258
2025-03-12,-0.002669039419337867,0.00033335040287606736,-0.0030023898222139344,-0.0036002398,1.4193091403251168,1.0143607
2025-03-13,0.003637778620164744,0.00033319049505247056,0.0033045881251122736,-0.0039850473,1.4239993724560986,1.0103184
2025-03-14,0.008459764256748341,0.0003331937797762063,0.008126570476972135,0.02428174,1.4355716037155273,1.0348507
2025-03-17,0.0017681419099454057,0.00026267570580257033,0.0015054662041428355,-0.0024384856,1.4377328082485483,1.0323273
2025-03-18,0.0032502389430063235,0.0003372311184625484,0.0029130078245437753,0.0027347803,1.4419209351685798,1.0351505
2025-03-19,0.006217790090217215,0.00033389333341247643,0.005883896756804738,0.00061130524,1.450405049082587,1.0357833
2025-03-20,-0.002194771599048058,0.0003340726265671824,-0.0025288442256152406,-0.008772731,1.4467372006494112,1.0266967
2025-03-21,-0.008753255564906076,0.0003262522005891729,-0.00907950776549525,-0.015167356,1.433601539001484,1.0111244
2025-03-24,0.01013418903082612,0.00033683209373869727,0.009797356937087422,0.0051472187,1.4476470449846395,1.0163288
2025-03-25,0.005022150321060798,0.0003293891721890088,0.004692761148871789,-0.0006480217,1.4544405067946224,1.0156702
2025-03-26,-0.006509676216468329,0.0003310224596484861,-0.006840698676116815,-0.0032907128,1.444491117545302,1.0123279
2025-03-27,0.0021660090279356113,0.0002037621886124538,0.0019622468393231574,0.0033295155,1.4473255656751356,1.0156984
2025-03-28,-0.001669529580506089,0.00032957827962796506,-0.0019991078601340542,-0.004384041,1.4444322057606216,1.0112456
2025-03-31,0.002331828629820111,0.00032796908819504665,0.0020038595416250644,-0.00711596,1.4473266450183655,1.0040497
2025-04-01,-0.003328394222220075,0.00026534708073076586,-0.0035937413029508408,9.512901e-05,1.4421253274753016,1.0041451
2025-04-02,0.006819470763550231,0.00033414241862207895,0.006485328344928152,-0.00084626675,1.451477983738516,1.0032954
2025-04-03,-0.00042336822242730555,0.00033973989520985506,-0.0007631081176371606,-0.005892813,1.4503703491065536,0.9973832
2025-04-07,-0.062215742370000944,0.00022464416103159913,-0.062440386531032545,-0.07045448,1.3598086638951918,0.92711306
2025-04-08,0.015011716422782925,0.00036417643901258656,0.014647539983770339,0.017083406,1.3797265156698741,0.9429513
2025-04-09,-0.0009270232074133215,0.00034653201085743424,-0.0012735552182707556,0.009869218,1.3779693577660563,0.9522575
2025-04-10,0.03019503647485675,0.00031116296711894154,0.02988387350773781,0.013108969,1.4191484197510758,0.96474063
2025-04-11,0.014814768431332235,0.0003119046798126933,0.01450286375151954,0.0041229725,1.4397301359259098,0.96871823
2025-04-14,0.0044563621691259,0.00033224044559826546,0.004124121723527635,0.002298355,1.4456677582554993,0.9709447
2025-04-15,-0.004934389191622694,0.00034424516138803046,-0.005278634353010725,0.0005559921,1.4380366067637318,0.97148454
2025-04-16,-0.009738503790187205,0.0003281529369124933,-0.010066656727099698,0.003081441,1.423560385882438,0.9744781
2025-04-17,-0.002727422072766738,0.0003472258294925257,-0.0030746479022592636,-0.00015902519,1.419183438928245,0.97432315
2025-04-18,0.012243464074797275,0.0003197454776075282,0.011923718597189747,7.9512596e-05,1.4361053828918173,0.97440064
2025-04-21,0.022657533258556222,0.00033160262108749764,0.022325930637468724,0.003276348,1.4681677720583557,0.9775931
2025-04-22,-0.01399437372231563,0.00032566250618943255,-0.014320036228505063,-0.00024569035,1.4471435563729564,0.9773529
2025-04-23,0.023071303764563213,0.0002753701729898061,0.022795933591573406,0.00077438354,1.480132544781508,0.9781098
2025-04-24,-0.004273703358049589,0.00035016772397490734,-0.0046238710820244965,-0.00066548586,1.4732886027101295,0.97745883
2025-04-25,0.002178295721536487,0.00032502834018046994,0.001853267381356017,0.00069499016,1.4760190004208558,0.97813815
2025-04-28,-0.0029419063913047033,0.00032582713791623583,-0.003267733529220939,-0.0014179945,1.4711957636434134,0.97675115
2025-04-29,0.0041813636924024015,0.0003345200497038229,0.0038468436426985783,-0.0017294288,1.4768552237139503,0.97506195
2025-04-30,-0.0022560690248765937,0.00038024988976404075,-0.0026363189146406344,-0.0011946559,1.4729617623534874,0.9738971
2025-05-06,0.01123916239535935,0.00032835920649326733,0.010910803188866083,0.0100700855,1.4890329582472517,0.9837043
2025-05-07,0.012730333721055698,0.0003124060249753856,0.012417927696080312,0.006062746,1.5075236618598467,0.98966825
2025-05-08,0.005165979776849454,0.00033033093144707197,0.004835648845402382,0.0055511,1.514813516914736,0.995162
2025-05-09,0.0053145996221354245,0.000333511859429599,0.004981087762705826,-0.0017493367,1.5223589359866216,0.99342114
2025-05-12,0.0031985667492353247,0.00034091606724353656,0.0028576506819917883,0.011556983,1.52670930603828,1.0049021
2025-05-13,0.008910826158342334,0.000341723848828584,0.00856910230951375,0.0014522076,1.5397918342786088,1.0063615
2025-05-14,0.006272274212172255,0.0003296425345308298,0.005942631677641425,0.012050033,1.5489422500099663,1.0184882
2025-05-15,-0.007506138920863273,0.0003278024222426933,-0.007833941343105966,-0.009132087,1.5368079272795296,1.0091872
2025-05-16,-0.006140626332520768,0.0003246985144674896,-0.006465324846988257,-0.004635036,1.5268719648022409,1.0045096
2025-05-19,-0.001539084581403008,0.00032162436939194694,-0.001860708950794955,-0.003070116,1.5240309004706154,1.0014256
2025-05-20,0.0075606617046757325,0.0003274175512986366,0.0072332441533770955,0.0054215193,1.5350545880710105,1.0068549
2025-05-21,0.0024568519863287235,0.0003282645487280647,0.0021285874376006588,0.0046714544,1.5383220859832096,1.0115584
2025-05-22,0.005990189831414303,0.00032780226088078315,0.005662387570533519,-0.00064086914,1.5470326618423582,1.0109102
2025-05-23,-0.007934954589733019,0.00032713958331478086,-0.0082620941730478,-0.008073866,1.534250932301436,1.0027483
2025-05-26,-0.005417719174912568,0.0003224843958468314,-0.005740203570759399,-0.005708039,1.5254440196213983,0.99702454
2025-05-27,-3.463698100025509e-05,0.0003305012606656377,-0.0003651382416658928,-0.0053651333,1.524887021674314,0.9916754
2025-05-28,-0.0002665629858261187,0.0003280788880289939,-0.0005946418738551125,-0.00082302094,1.523980259998328,0.9908592
2025-05-29,-0.0020213834278985537,0.00026209339008559086,-0.0022834768179841444,0.005854726,1.5205002864035564,0.9966604
2025-05-30,0.0036685155125985515,0.00026556300464439497,0.0034029525079541565,-0.0047866106,1.5256744766665185,0.9918898
2025-06-03,0.0025535094790302302,0.00026616048509444566,0.0022873489939357846,0.0030674934,1.529164226645795,0.9949324
2025-06-04,-0.002928599746010327,0.0003249667048870946,-0.0032535664508974217,0.0043432713,1.5241889892200677,0.9992537
2025-06-05,-0.0026897367984280622,0.0003237255027641408,-0.003013462301192203,0.0022797585,1.519595903161161,1.0015317
2025-06-06,0.0034967874650947317,0.0003291863280388438,0.003167601137055888,-0.00092321634,1.5244093768718796,1.0006071
2025-06-09,-0.0005885788253839864,0.0003204792215983413,-0.0009090580469823277,0.0029091835,1.5230236002609387,1.0035181
2025-06-10,0.001197575059121281,0.00032807761908898203,0.0008694974400322989,-0.0050911307,1.5243478653824745,0.9984091
2025-06-11,0.003017494330228026,0.0003255294635550288,0.002691964866672997,0.007543683,1.528451356280672,1.0059408
2025-06-12,0.00013435942367133442,0.00032739200219025305,-0.00019303257851891863,-0.0006239414,1.5281563153742286,1.0053132
2025-06-13,-0.0011719739749178036,0.0001974683522299658,-0.0013694423271477694,-0.0071989894,1.526063593433457,0.9980759
2025-06-16,0.0011203179656856727,0.0003252899193717692,0.0007950280463139036,0.0024895668,1.5272768567906951,1.0005606
2025-06-17,0.0006902899640257975,0.00034872655185018246,0.00034156341217561506,-0.000882864,1.5277985186852372,0.9996773
2025-06-18,0.0039523039843959,0.00033800632519773036,0.0036142976591981694,0.001185894,1.5333204372950477,1.0008628
2025-06-19,-0.004931322419068376,0.0003311309759812763,-0.005262453395049652,-0.0082271695,1.5252514099541055,0.9926286
2025-06-20,0.004422426510744014,0.0003284686207583898,0.004093957889985624,0.0009237528,1.531495724998099,0.99354553
2025-06-23,0.006642526570407165,0.0003212616447404399,0.006321264925666726,0.002927184,1.541176715208338,0.9964538
2025-06-24,0.005437063949900647,0.0003330198129063546,0.005104044136994292,0.011957288,1.5490429491856692,1.0083687
2025-06-25,0.01051946609664382,0.0003384985500753316,0.010180967546568487,0.014354348,1.5648137051795692,1.0228432
2025-06-26,0.00010753755574240916,0.00032738180255947755,-0.00021984424681706837,-0.0035479069,1.564469689889145,1.0192143
2025-06-27,-0.010624993654054563,0.00032768606676191126,-0.010952679720816474,-0.006147921,1.547334554442864,1.0129483
2025-06-30,-0.0006026713640096043,0.0003309919496616171,-0.0009336633136712213,0.0036514997,1.545889864935405,1.0166471
2025-07-01,0.006266922489787948,0.00032981857917911613,0.005937103910608832,0.0016970634,1.5550679736978836,1.0183724
2025-07-02,0.006101248848732313,0.00033433818710544105,0.0057669106616268714,0.00023329258,1.5640359117749565,1.01861
2025-07-03,-0.0015668290891668745,0.0003302343604554819,-0.0018970634496223563,0.006184578,1.5610688364128313,1.0249096
2025-07-04,0.009611041404516822,0.00026038359032389295,0.009350657814192928,0.00356102,1.575665856926528,1.0285593
2025-07-07,0.0024537969628363175,0.0003344186565861424,0.0021193783062501753,-0.004276514,1.579005288961597,1.0241606
2025-07-08,0.0013756127631575075,0.00033201328937363745,0.00104359947378387,0.008393168,1.5806531380502593,1.0327566
2025-07-09,-4.3647024276485055e-05,0.0003228738965387576,-0.0003665209208152427,-0.0017632246,1.5800737956066115,1.0309355
2025-07-10,0.004145642316436021,0.0003273870828505297,0.0038182552335854917,0.004664898,1.5861069206461378,1.0357448
2025-07-11,-0.0013170090187382283,0.00033099927807749496,-0.0016480082968157233,0.0011945963,1.583493003281276,1.036982
2025-07-14,0.008622064918801816,0.00033272347102516445,0.008289341447776651,0.0007123947,1.59661911746564,1.0377208
2025-07-15,-0.0049597805549007265,0.0003348421342105769,-0.005294622689111303,0.00034594536,1.5881656216604374,1.0380797
2025-07-16,-0.004641296211404574,0.00032825171152316824,-0.004969547922927742,-0.0029509664,1.5802731564940495,1.0350164
2025-07-17,-0.0009646416685012505,0.0003324456762487331,-0.0012970873447499835,0.0068101883,1.578223404181513,1.042065
2025-07-18,0.006578869132548789,0.0003324508636376557,0.006246418268911133,0.005963564,1.5880816476858155,1.0482794
2025-07-21,0.008914259508996639,0.00020493847320425797,0.00870932103579238,0.006667495,1.6019127605865615,1.0552688
2025-07-22,0.004938983624789621,0.0003459943744632728,0.004592989250326349,0.008162856,1.609270328675896,1.0638828
2025-07-23,-0.0014389573512090977,0.0003346478147126458,-0.0017736051659217435,0.00019657612,1.6064161185075918,1.0640919
2025-07-24,-0.004683293560136525,0.00033026718264619903,-0.005013560742782724,0.0071048737,1.5983622537192688,1.0716522
2025-07-25,-0.003735711815367636,0.0003298974293446699,-0.0040656092447123055,-0.0052734613,1.5918639373641486,1.0660008
2025-07-28,0.0008941215969056456,0.0003252655831834672,0.0005688560137221783,0.0020982027,1.5927694787379458,1.0682375
2025-07-29,-0.004614387288924853,0.00032995834473586305,-0.004944345633660716,0.003916979,1.5848942759203197,1.0724218
2025-07-30,0.0071136379851123996,0.00032926623188467323,0.006784371753227727,-0.00018793344,1.5956467878777258,1.0722202
2025-07-31,-0.015497969543088729,0.000329439846932068,-0.015827409390020798,-0.018223405,1.5703918329241133,1.0526807
2025-08-01,-0.001039583479345977,0.0003275577170753409,-0.001367141196421318,-0.005069196,1.5682448855547992,1.0473444
2025-08-04,0.005436400403639298,0.0003401022536058038,0.005096298150033494,0.0038890839,1.5762371290638517,1.0514177
2025-08-05,0.008855768167959669,0.0003343955782796176,0.00852137258968005,0.0080451965,1.5896688329302924,1.0598766
2025-08-06,0.008727071069022447,0.00026800006649953576,0.008459071002522911,0.0024467707,1.6031159544585476,1.0624698
2025-08-07,0.003154708755358501,0.0003338126228516155,0.0028208961325068855,0.00028681755,1.6076381780544398,1.0627745
2025-08-08,0.0023994558308039243,0.00033138985680676,0.002068065973997164,-0.002357483,1.6109628798689728,1.0602691
2025-08-11,-0.0063660164777993855,0.0003299980126373488,-0.006696014490436735,0.0042728186,1.6001758490818143,1.0647994
2025-08-12,0.0050870995372460205,0.00023246276632299552,0.004854636770923025,0.0051715374,1.6079441215987098,1.0703061
2025-08-13,-0.003665050408831428,0.00019750567217363752,-0.0038625560810050656,0.0079033375,1.6017333472539124,1.078765
2025-08-14,-0.0010636283516544805,0.0003178650475198835,-0.001381493399174364,-0.0007829666,1.5995205632074436,1.0779204
2025-08-15,-0.0011926249207445296,0.00020097229282126512,-0.0013935972135657947,0.0069584846,1.5972914758075165,1.0854211
2025-08-18,-0.0011602831919548648,0.0003356473469374931,-0.001495930538892358,0.008818865,1.5949020387093436,1.0949932
2025-08-19,-0.0007130565388569597,0.0003247256147887883,-0.001037782153645748,-0.003783524,1.593246877836758,1.0908504
2025-08-20,0.009607142101095732,0.0003297509152389164,0.009277391185856815,0.011372447,1.6080280523780945,1.103256
2025-08-21,0.006134365681686977,0.00031762432323911746,0.005816741358447859,0.0039026737,1.6173815356559065,1.1075616
2025-08-22,0.0028305201341796006,0.00033882209782491816,0.0024916980363546824,0.020972133,1.6214115620523366,1.1307895
2025-08-25,0.016250836468643795,0.0003419843720902994,0.015908852096553495,0.020835996,1.6472063587806691,1.1543506
2025-08-26,0.002520447997397176,0.0003431850243591786,0.0021772629730379975,-0.0037209988,1.650792760194595,1.1500553
2025-08-27,-0.018147490782972495,0.00033021293665944144,-0.018477703719631935,-0.014926076,1.620289900669206,1.1328895
2025-08-28,0.004326389378583686,0.00035571676173904414,0.003970672616844642,0.017703533,1.6267235414091432,1.1529456
2025-08-29,-0.00042172350179815537,0.00031770264077490194,-0.0007394261425730574,0.0073883533,1.6255206994958862,1.161464
2025-09-01,-0.002355172269407898,0.00035208017026645795,-0.002707252439674356,0.005993247,1.6211200046164347,1.168425
2025-09-02,0.00360087186926695,0.0003493003915502539,0.003251571477716696,-0.0073522925,1.6263911921854013,1.1598344
2025-09-03,-0.012706424182848064,0.0003356753058048406,-0.013042099488652904,-0.00681901,1.6051796364494506,1.1519254
2025-09-04,0.001993958089952449,0.0003255508789837615,0.0016684072109686872,-0.021216035,1.6078577297298031,1.1274861
2025-09-05,0.011466859491238875,0.00032982036138684296,0.011137039129852033,0.02178824,1.625764504181039,1.152052
2025-09-08,0.01400785877408506,0.00035210316010882094,0.013655755613976238,0.0016254187,1.6479655469360124,1.1539246
2025-09-09,-0.008281561382845724,0.0003205452569462431,-0.008602106639791966,-0.007008195,1.6337895715625657,1.1458377
2025-09-10,-0.005059746632556085,0.0003211683058368967,-0.005380914938392982,0.0020512342,1.624998288850754,1.148188
2025-09-11,0.008880505840903602,0.0003292740967415873,0.008551231744162014,0.023095965,1.6388940258025835,1.1747065
2025-09-12,-0.004018861105045438,0.00032647041753796263,-0.0043453315225834,-0.005723357,1.6317724879300899,1.1679832
2025-09-15,-0.0028871272035129957,0.0003299366913348058,-0.0032170638948478014,0.002445817,1.6265229715745642,1.1708399
2025-09-16,-0.006612108172145033,0.00034123190169151003,-0.0069533400738365425,-0.0021442175,1.6152132042152991,1.1683294
2025-09-17,0.004312492926016931,0.0003329259731202661,0.003979566952896665,0.0061192513,1.6216410533046766,1.1754787
2025-09-18,-0.016825243804242777,0.00033537591424683406,-0.01716061971848961,-0.011625946,1.5938126878690242,1.1618127
2025-09-19,0.004062764495648348,0.00033362313158299105,0.003729141364065357,0.000846982,1.5997562406899288,1.1627967
2025-09-22,-0.008871540852758085,0.00032596701631598196,-0.009197507869074067,0.0045958757,1.585042470077583,1.1681408
2025-09-23,-0.0006263617322596162,0.0003447366411181678,-0.000971098373377784,-0.00062572956,1.5835032379131557,1.1674098
2025-09-24,0.004622311164802382,0.00032548933251894964,0.004296821832283432,0.010241628,1.5903072691973124,1.179366
2025-09-25,0.0010975181770497041,0.00032717938723940274,0.0007703387898103013,0.006005168,1.5915323445744924,1.1864483
2025-09-26,-0.0006010649364862537,0.0003337616057488218,-0.0009348265422350755,-0.009456813,1.5900445378959585,1.1752284
2025-09-29,0.008411568399865153,0.00034224503041948223,0.00806932336944567,0.015384436,1.602875121444062,1.1933086
2025-09-30,0.004761203421680779,0.0003330776948477519,0.0044281257268330276,0.0044674873,1.609972854006229,1.1986396
2025-10-09,0.006467848028150084,0.000354718990815799,0.006113129037334285,0.014823198,1.6198148258093743,1.2164073
2025-10-10,0.0021965246383876765,0.000328655195867625,0.0018678694425200515,-0.01967305,1.6228404284250446,1.1924769
2025-10-13,-0.007666574267430537,0.0003275400435060124,-0.00799411431093655,-0.0049492717,1.6098672565318055,1.1865749
2025-10-14,-0.0021438809711308245,0.0003258592641642752,-0.0024697402352950996,-0.011954844,1.6058913025948647,1.1723896
2025-10-15,0.0066537461317931,0.0003265609710600151,0.006327185160733085,0.014811516,1.6160520742143933,1.1897545
2025-10-16,-0.0039453566796366244,0.00034029621685089344,-0.004285652896487518,0.0026333332,1.6091262359616618,1.1928875
2025-10-17,-0.024336547773822603,0.0003170449139122547,-0.024653592687734857,-0.022559702,1.5694554931571152,1.1659764
2025-10-20,0.0014419921600041107,0.00033294837898320827,0.0011090437810209023,0.00531435,1.57119608801139,1.1721728
2025-10-21,0.0072064100730545476,0.0003340990766929734,0.006872310996361574,0.015347362,1.581993836164471,1.1901625
2025-10-22,-0.0022280429872067846,0.0003205828933536509,-0.0025486258805604354,-0.003320396,1.5779619257307351,1.1862108
2025-10-23,0.007700996712320798,0.00032870394643592167,0.007372292765884876,0.0029982328,1.5895951230206415,1.1897672
2025-10-24,-0.005875895981176316,0.00033441467647753637,-0.0062103106576538525,0.011796832,1.5797232434867918,1.2038027
2025-10-27,0.005740073276728899,0.000336158921594915,0.005403914355133984,0.011873841,1.5882599325994087,1.2180965
2025-10-28,-0.004249894899800429,0.0002042592023699614,-0.00445415410217039,-0.005099654,1.5811855781053081,1.2118846
2025-10-29,-0.005078218832913338,0.0002686687482174808,-0.005346887581130819,0.0119075775,1.5727311565742739,1.2263153
2025-10-30,0.004217057216610968,0.0003377947905799194,0.003879262426031048,-0.00798893,1.5788321934562208,1.2165183
2025-10-31,0.001881893375589546,0.00034377687634803023,0.0015381164992415157,-0.014700949,1.5812606213025098,1.1986343
2025-11-03,0.011898931214507554,0.0003287078352621778,0.011570223379245376,0.0027432442,1.5995561599117842,1.2019224
2025-11-04,0.006103603606387818,0.000334566274656152,0.005769037331731667,-0.0074569583,1.6087840591125167,1.1929598
2025-11-05,-0.001630072141230956,0.0003396921465228727,-0.0019697642877538287,0.0018533468,1.605615133726169,1.1951708
2025-11-06,0.008913965548811268,0.0003316554672146389,0.00858231008159663,0.014293551,1.6193950206755114,1.212254
2025-11-07,-0.0013619400279763954,0.00033108846463617047,-0.0016930284926125658,-0.0031129122,1.6166533387647128,1.2084804
2025-11-10,0.008439505473232845,0.00033861188145784557,0.008100893591775,0.0034753084,1.6297496754368337,1.2126802
2025-11-11,-0.0019853733634971364,0.0003326068569839959,-0.0023179802204811324,-0.009133041,1.6259719479248356,1.2016047
2025-11-12,0.0026340173468485666,0.0003338359868691963,0.00230018135997937,-0.0013455749,1.6297119782913017,1.1999879
2025-11-13,-0.0035724405176703845,0.0003248162062279708,-0.0038972567238983553,0.01208806,1.6233605723258882,1.2144934
2025-11-14,-0.006590813264625307,0.00033208051185213696,-0.006922893776477444,-0.015722811,1.6121222195227543,1.1953981
2025-11-17,-0.00950363348764665,0.00032908302752378683,-0.009832716515170436,-0.006501496,1.5962706787503795,1.1876262
2025-11-18,-0.005232999227162105,0.00032773451697523523,-0.00556073374413734,-0.006494105,1.5873942425222753,1.1799136
2025-11-19,0.0053092671116092595,0.0003368279589467271,0.004972439152662532,0.004400015,1.595287463804504,1.1851053
2025-11-20,-0.000520704151981548,0.00032519219921582133,-0.0008458963511973693,-0.005086899,1.593938015959761,1.1790768
2025-11-21,-0.009898697602022565,0.00019771546495105192,-0.010096413066973618,-0.024390101,1.5778449593474788,1.150319
2025-11-24,-0.007128948286641697,0.0003281303138109109,-0.007457078600452608,-0.0012484789,1.5660788454662966,1.1488829
2025-11-25,0.0022348554697524574,0.00033202957181656585,0.0019028258979358916,0.009521008,1.5690588208516594,1.1598214
2025-11-26,0.0010760595596043406,0.00019771715327253096,0.0008783424063318096,0.0060640574,1.5704369917520424,1.1668546
2025-11-27,0.007309464017656145,0.000333555244356906,0.006975908773299238,-0.00049358606,1.581392216940719,1.1662787
2025-11-28,-0.0024064681892832294,0.0003290381672327576,-0.0027355063565159873,0.00249362,1.5770663084791328,1.169187
2025-12-01,0.011631472688470723,0.000268835324739432,0.011362637363731292,0.011008143,1.5949859410409395,1.1820575
2025-12-02,0.002546612313732259,0.00032980903716364274,0.0022168032765686164,-0.004842043,1.5985217111011198,1.1763339
2025-12-03,-0.0037245202225843536,0.00026209438605132355,-0.003986614608635677,-0.0051116347,1.5921490210954228,1.1703209
2025-12-04,-0.0024410653896688936,0.0002649958599524031,-0.0027060612496212968,0.0034252405,1.587840568325814,1.1743295
2025-12-05,-0.004214804813527894,0.00026126053325249536,-0.0044760653467803896,0.008351326,1.5807332901817188,1.1841367
2025-12-08,-0.0022515994905628017,0.00032950761348523916,-0.002581107104048041,0.0081163645,1.5766532482568256,1.1937476
2025-12-09,-0.0037077766493256214,0.00032148902048030305,-0.004029265669805924,-0.0050911307,1.5703004934504365,1.1876701
2025-12-10,0.002712058583891877,0.00033106457489342963,0.0023809940089984474,-0.0013896227,1.5740393695176693,1.1860197
2025-12-11,-0.0018421613574495723,0.000197796240751606,-0.002039957598201178,-0.008634865,1.570828395945954,1.1757785
2025-12-12,0.002825513956186788,0.00032452526610823597,0.002500988690078552,0.0063199997,1.5747570199982692,1.1832094
2025-12-15,0.00026057925440289473,0.0003251003001332264,-6.452104573033169e-05,-0.0063064694,1.5746554150285679,1.1757475
2025-12-16,-0.008737711576501378,0.0003252010263742035,-0.009062912602875582,-0.011974812,1.560384450622519,1.1616682
2025-12-17,0.015796713836746922,0.0003339679793233162,0.015462745857423606,0.01830554,1.5845122788223707,1.1829331
2025-12-18,-0.00012735603033994564,0.00032888289497613326,-0.0004562389253160789,-0.0059150457,1.5837893626431305,1.175936
2025-12-19,0.0009288148248665082,0.00032383116938587827,0.00060498365548063,0.0033804178,1.5847475293212538,1.1799111
2025-12-22,-0.004766101408212305,0.0003345499433334694,-0.005100651351545775,0.009509206,1.5766642846939625,1.1911311
2025-12-23,-0.0001069126229049486,0.00032405253394925115,-0.00043096515685419977,0.0019755363,1.575984797323203,1.1934842
2025-12-24,-0.001598302329786143,0.0003330729257909794,-0.0019313752555771225,0.0028847456,1.5729409792824873,1.1969271
2025-12-25,0.001517123666766196,0.0003330255167798246,0.0011840981499863716,0.0018299818,1.5748034957860935,1.1991174
2025-12-26,-0.001081404601018423,0.00032549669514068735,-0.0014069012961591104,0.003166318,1.5725879027066763,1.2029142
2025-12-29,0.0010955379956333533,0.00033623781679241026,0.000759300178840943,-0.0038371086,1.5737819689824444,1.1982986
2025-12-30,-0.005228785860100559,0.0003329290428131948,-0.005561714902913754,0.002567172,1.5650290423516178,1.2013748
2025-12-31,0.0007578963122362863,0.0003374898495195909,0.0004204064627166954,-0.004588008,1.5656869906753617,1.1958629
