datetime,daily_ret_gross,cost,daily_ret_net,bench_ret,nav,bench_nav
2023-01-03,0.0,0.0,0.0,0.004202366,1.0,1.0042024
2023-01-04,0.0,0.0,0.0,0.0012989044,1.0,1.0055068
2023-01-05,0.0,0.0,0.0,0.019427538,1.0,1.0250412
2023-01-06,-2.6047928258776667e-16,0.0004745414467385787,-0.00047454144673883915,0.0031018257,0.9995254585532611,1.0282208
2023-01-09,0.0,0.0,0.0,0.008096099,0.9995254585532611,1.0365454
2023-01-10,0.0,0.0,0.0,0.0010839701,0.9995254585532611,1.037669
2023-01-11,0.0,0.0,0.0,-0.0018519163,0.9995254585532611,1.0357473
2023-01-12,0.0,0.0,0.0,0.0019550323,0.9995254585532611,1.0377722
2023-01-13,0.01480776580021299,0.00034196734792135366,0.014465798452291637,0.014064789,1.013984392384627,1.0523683
2023-01-16,0.0,0.0,0.0,0.015604854,1.013984392384627,1.0687903
2023-01-17,0.0,0.0,0.0,-0.00017404556,1.013984392384627,1.0686044
2023-01-18,0.0,0.0,0.0,-0.0016750693,1.013984392384627,1.0668144
2023-01-19,0.0,0.0,0.0,0.0062223673,1.013984392384627,1.0734526
2023-01-20,0.011582638493836717,0.000353525490048056,0.011229113003788661,0.0061405897,1.025370537710792,1.0800443
2023-01-30,0.0,0.0,0.0,0.0047398806,1.025370537710792,1.0851636
2023-01-31,0.0,0.0,0.0,-0.010589421,1.025370537710792,1.0736723
2023-02-01,0.0,0.0,0.0,0.009398818,1.025370537710792,1.0837636
2023-02-02,0.0,0.0,0.0,-0.003522396,1.025370537710792,1.0799462
2023-02-03,-0.014487233621878284,0.00032793201117121604,-0.0148151656330495,-0.009451985,1.0101795033593575,1.0697385
2023-02-06,0.0,0.0,0.0,-0.013219476,1.0101795033593575,1.0555971
2023-02-07,0.0,0.0,0.0,0.0017983913,1.0101795033593575,1.0574955
2023-02-08,0.0,0.0,0.0,-0.0044184327,1.0101795033593575,1.052823
2023-02-09,0.0,0.0,0.0,0.013424516,1.0101795033593575,1.0669566
2023-02-10,0.005527869373453267,0.0003320941008361316,0.005195775272617135,-0.0059431195,1.0154281690438165,1.0606155
2023-02-13,0.0,0.0,0.0,0.009073973,1.0154281690438165,1.0702395
2023-02-14,0.0,0.0,0.0,0.00041508675,1.0154281690438165,1.0706838
2023-02-15,0.0,0.0,0.0,-0.0052107573,1.0154281690438165,1.0651047
2023-02-16,0.0,0.0,0.0,-0.0073235035,1.0154281690438165,1.0573044
2023-02-17,-0.013482879845725684,0.00031543230379563246,-0.013798312149521316,-0.014408231,1.001416974201933,1.0420705
2023-02-20,0.0,0.0,0.0,0.024533391,1.001416974201933,1.067636
2023-02-21,0.0,0.0,0.0,0.0026273727,1.001416974201933,1.0704411
2023-02-22,0.0,0.0,0.0,-0.009024322,1.001416974201933,1.0607811
2023-02-23,0.0,0.0,0.0,-0.0008035302,1.001416974201933,1.0599288
2023-02-24,0.01545831145642431,0.00036522493336282413,0.015093086523061487,-0.010380983,1.016531447239225,1.0489256
2023-02-27,0.0,0.0,0.0,-0.0042378306,1.016531447239225,1.0444804
2023-02-28,0.0,0.0,0.0,0.006335616,1.016531447239225,1.0510979
2023-03-01,0.0,0.0,0.0,0.014124751,1.016531447239225,1.0659443
2023-03-02,0.0,0.0,0.0,-0.002229154,1.016531447239225,1.0635681
2023-03-03,0.025373833842766466,0.0003376552983305826,0.025036178544435884,0.0031108856,1.0419815100483403,1.0668768
2023-03-06,0.0,0.0,0.0,-0.0052148104,1.0419815100483403,1.0613132
2023-03-07,0.0,0.0,0.0,-0.014640987,1.0419815100483403,1.0457745
2023-03-08,0.0,0.0,0.0,-0.003640473,1.0419815100483403,1.0419674
2023-03-09,0.0,0.0,0.0,-0.0035349727,1.0419815100483403,1.0382841
2023-03-10,-0.01987181931023963,0.00035189681961303275,-0.020223716129852663,-0.013112366,1.0209087717765675,1.0246696
2023-03-13,0.0,0.0,0.0,0.01047349,1.0209087717765675,1.0354015
2023-03-14,0.0,0.0,0.0,-0.0059844255,1.0209087717765675,1.0292052
2023-03-15,0.0,0.0,0.0,0.0005520582,1.0209087717765675,1.0297734
2023-03-16,0.0,0.0,0.0,-0.011976659,1.0209087717765675,1.0174401
2023-03-17,0.005407400341010423,0.0003388675971149705,0.005068532743895452,0.0049934387,1.026083281314847,1.0225207
2023-03-20,0.0,0.0,0.0,-0.004986346,1.026083281314847,1.017422
2023-03-21,0.0,0.0,0.0,0.010992408,1.026083281314847,1.0286058
2023-03-22,0.0,0.0,0.0,0.004283905,1.026083281314847,1.0330123
2023-03-23,0.0,0.0,0.0,0.009913921,1.026083281314847,1.0432534
2023-03-24,0.0010909225283145011,0.0003385644041289249,0.0007523581241855762,-0.002980888,1.026855263407635,1.0401436
2023-03-27,0.0,0.0,0.0,-0.0036179423,1.026855263407635,1.0363804
2023-03-28,0.0,0.0,0.0,-0.003232479,1.026855263407635,1.0330304
2023-03-29,0.0,0.0,0.0,0.0016577244,1.026855263407635,1.0347428
2023-03-30,0.0,0.0,0.0,0.008085012,1.026855263407635,1.0431087
2023-03-31,0.008053142650511116,0.0003367580312770452,0.007716384619234071,0.0030704737,1.0347788735683734,1.0463115
2023-04-03,0.0,0.0,0.0,0.009785414,1.0347788735683734,1.0565501
2023-04-04,0.011447707923653653,0.0003192402556801163,0.011128467667973537,0.003065586,1.046294376806381,1.0597891
2023-04-06,0.0,0.0,0.0,-0.0015768409,1.046294376806381,1.058118
2023-04-07,-0.001784295355625424,0.00032982973574763487,-0.002114125091373059,0.0065028667,1.044082379611412,1.0649987
2023-04-10,0.0,0.0,0.0,-0.0044793487,1.044082379611412,1.0602282
2023-04-11,0.0,0.0,0.0,-0.0011352897,1.044082379611412,1.0590246
2023-04-12,0.0,0.0,0.0,-0.00069755316,1.044082379611412,1.0582858
2023-04-13,0.0,0.0,0.0,-0.00690943,1.044082379611412,1.0509737
2023-04-14,0.011636420447563913,0.000317366355053159,0.011319054092510755,0.0056574345,1.055900404543271,1.0569195
2023-04-17,0.0,0.0,0.0,0.01402235,1.055900404543271,1.0717399
2023-04-18,0.0,0.0,0.0,0.0030486584,1.055900404543271,1.0750073
2023-04-19,0.0,0.0,0.0,-0.009002805,1.055900404543271,1.0653292
2023-04-20,0.0,0.0,0.0,-0.0027979016,1.055900404543271,1.0623485
2023-04-21,-0.006044734000515232,0.00033018917390125634,-0.006374923174416488,-0.01955992,1.0491691205844724,1.041569
2023-04-24,0.0,0.0,0.0,-0.012381613,1.0491691205844724,1.0286727
2023-04-25,0.0,0.0,0.0,-0.0050143003,1.0491691205844724,1.0235146
2023-04-26,0.0,0.0,0.0,-0.00086802244,1.0491691205844724,1.0226262
2023-04-27,0.0,0.0,0.0,0.0073726177,1.0491691205844724,1.0301656
2023-04-28,0.011284059809118879,0.00032746692599853225,0.010956592883120347,0.010196924,1.060664439504258,1.04067
2023-05-04,0.0,0.0,0.0,0.00028800964,1.060664439504258,1.0409697
2023-05-05,0.023162208049832905,0.000346493806887154,0.02281571424294575,-0.0033174157,1.0848642562636412,1.0375164
2023-05-08,0.0,0.0,0.0,0.011396885,1.0848642562636412,1.0493408
2023-05-09,0.0,0.0,0.0,-0.0085609555,1.0848642562636412,1.0403575
2023-05-10,0.0,0.0,0.0,-0.0076987743,1.0848642562636412,1.032348
2023-05-11,0.0,0.0,0.0,-0.0015536547,1.0848642562636412,1.0307441
2023-05-12,-0.010036245573401891,0.00034456483046056376,-0.010380810403862455,-0.013255954,1.0736024861054412,1.0170805
2023-05-15,0.0,0.0,0.0,0.0155239105,1.0736024861054412,1.0328696
2023-05-16,0.0,0.0,0.0,-0.0051713586,1.0736024861054412,1.0275283
2023-05-17,0.0,0.0,0.0,-0.004534662,1.0736024861054412,1.0228688
2023-05-18,0.0,0.0,0.0,-0.0010353327,1.0736024861054412,1.0218097
2023-05-19,-0.002219406185686258,0.0003512742854507776,-0.0025706804711370357,-0.002914548,1.0708425971606457,1.0188316
2023-05-22,0.0,0.0,0.0,0.0062847137,1.0708425971606457,1.0252347
2023-05-23,0.0,0.0,0.0,-0.014143467,1.0708425971606457,1.0107343
2023-05-24,0.0,0.0,0.0,-0.013824999,1.0708425971606457,0.9967609
2023-05-25,0.0,0.0,0.0,-0.0022259355,1.0708425971606457,0.9945422
2023-05-26,-0.020773560753977238,0.00032828208458522446,-0.02110184283856246,0.00011694431,1.0482458449705236,0.99465847
2023-05-29,0.0,0.0,0.0,-0.0044171214,1.0482458449705236,0.99026495
2023-05-30,0.0,0.0,0.0,0.0009937286,1.0482458449705236,0.991249
2023-05-31,0.0,0.0,0.0,-0.010216892,1.0482458449705236,0.98112154
2023-06-01,0.0,0.0,0.0,0.002192974,1.0482458449705236,0.9832731
2023-06-02,0.0033223822861891228,0.0003220679475557892,0.0030003143386333336,0.014437079,1.0513909120096014,0.9974687
2023-06-05,0.0,0.0,0.0,-0.004552245,1.0513909120096014,0.99292797
2023-06-06,0.0,0.0,0.0,-0.00938803,1.0513909120096014,0.98360634
2023-06-07,0.0,0.0,0.0,-0.0049420595,1.0513909120096014,0.9787453
2023-06-08,0.0,0.0,0.0,0.008141279,1.0513909120096014,0.9867135
2023-06-09,-0.004496331546329899,0.00033735431315951535,-0.004833685859489414,0.0043216944,1.046308818625425,0.9909778
2023-06-12,0.0,0.0,0.0,0.0020147562,1.046308818625425,0.9929744
2023-06-13,0.0,0.0,0.0,0.0053271055,1.046308818625425,0.9982641
2023-06-14,0.0,0.0,0.0,-0.00023025274,1.046308818625425,0.99803424
2023-06-15,0.0,0.0,0.0,0.015910983,1.046308818625425,1.013914
2023-06-16,0.020658365064004928,0.0003280169537976928,0.020330348110207234,0.009642005,1.0675806411388598,1.0236901
2023-06-19,0.0,0.0,0.0,-0.008184969,1.0675806411388598,1.0153112
2023-06-20,0.0,0.0,0.0,-0.001696825,1.0675806411388598,1.0135884
2023-06-21,-0.0163904139065364,0.00031740519833107844,-0.016707819104867478,-0.01534307,1.0497436969068532,0.99803686
2023-06-26,0.0,0.0,0.0,-0.014060438,1.0497436969068532,0.984004
2023-06-27,0.0,0.0,0.0,0.009378672,1.0497436969068532,0.99323267
2023-06-28,0.0,0.0,0.0,-0.0012040734,1.0497436969068532,0.99203676
2023-06-29,0.0,0.0,0.0,-0.0049365163,1.0497436969068532,0.9871396
2023-06-30,0.00043047778168591453,0.00033469034966826777,9.578743201764676e-05,0.0053926706,1.0498442491598565,0.9924629
2023-07-03,0.0,0.0,0.0,0.013124347,1.0498442491598565,1.0054883
2023-07-04,0.0,0.0,0.0,0.0015747547,1.0498442491598565,1.0070717
2023-07-05,0.0,0.0,0.0,-0.007745564,1.0498442491598565,0.9992714
2023-07-06,0.0,0.0,0.0,-0.006735921,1.0498442491598565,0.99254036
2023-07-07,0.0018760861548317237,0.0003152059315347156,0.0015608802232970082,-0.00443691,1.051482930285912,0.98813653
2023-07-10,0.0,0.0,0.0,0.0048696995,1.051482930285912,0.9929485
2023-07-11,0.0,0.0,0.0,0.006544709,1.051482930285912,0.99944705
2023-07-12,0.0,0.0,0.0,-0.006732166,1.051482930285912,0.9927186
2023-07-13,0.0,0.0,0.0,0.014304876,1.051482930285912,1.0069193
2023-07-14,0.019233461361242498,0.0003189656650243469,0.018914495696218152,0.00017440319,1.0713711996454518,1.0070949
2023-07-17,0.0,0.0,0.0,-0.008189023,1.0713711996454518,0.9988477
2023-07-18,0.0,0.0,0.0,-0.0031625628,1.0713711996454518,0.9956888
2023-07-19,0.0,0.0,0.0,-0.0010557771,1.0713711996454518,0.99463755
2023-07-20,0.0,0.0,0.0,-0.0070581436,1.0713711996454518,0.98761725
2023-07-21,-0.004820693020880857,0.0003371352054198196,-0.005157828226300677,-0.00046557188,1.0658452510310747,0.98715746
2023-07-24,0.0,0.0,0.0,-0.0043669343,1.0658452510310747,0.9828466
2023-07-25,0.0,0.0,0.0,0.02888143,1.0658452510310747,1.0112326
2023-07-26,0.0,0.0,0.0,-0.0020714402,1.0658452510310747,1.0091379
2023-07-27,0.0,0.0,0.0,-0.0011927485,1.0658452510310747,1.0079342
2023-07-28,0.030412694986304348,0.00034982347656356436,0.030062871509740782,0.023162961,1.0978876198620895,1.031281
2023-07-31,0.0,0.0,0.0,0.0054825544,1.0978876198620895,1.0369351
2023-08-01,0.0,0.0,0.0,-0.0041424036,1.0978876198620895,1.0326397
2023-08-02,0.0,0.0,0.0,-0.00702852,1.0978876198620895,1.0253818
2023-08-03,0.0,0.0,0.0,0.008836627,1.0978876198620895,1.0344427
2023-08-04,0.0002960353722620457,0.0003384966524716664,-4.246128020962074e-05,0.0038950443,1.0978410021482239,1.0384718
2023-08-07,0.0,0.0,0.0,-0.007568598,1.0978410021482239,1.030612
2023-08-08,0.0,0.0,0.0,-0.0026114583,1.0978410021482239,1.0279206
2023-08-09,0.0,0.0,0.0,-0.003055513,1.0978410021482239,1.0247798
2023-08-10,0.0,0.0,0.0,0.0020542145,1.0978410021482239,1.0268849
2023-08-11,-0.02260010413091534,0.0003081665422228402,-0.022908270673138182,-0.023007214,1.072691363314943,1.0032592
2023-08-14,0.0,0.0,0.0,-0.007296145,1.072691363314943,0.99593925
2023-08-15,0.0,0.0,0.0,-0.0024300218,1.072691363314943,0.9935191
2023-08-16,0.0,0.0,0.0,-0.0073338747,1.072691363314943,0.98623276
2023-08-17,0.0,0.0,0.0,0.0033444166,1.072691363314943,0.98953116
2023-08-18,-0.01010876923282856,0.00032368319322575057,-0.010432452426054312,-0.012294114,1.0615005616993207,0.97736573
2023-08-21,0.0,0.0,0.0,-0.014386952,1.0615005616993207,0.9633044
2023-08-22,0.0,0.0,0.0,0.007687211,1.0615005616993207,0.9707095
2023-08-23,0.0,0.0,0.0,-0.01639074,1.0615005616993207,0.9547989
2023-08-24,0.0,0.0,0.0,0.007249832,1.0615005616993207,0.961721
2023-08-25,-0.01378675602658624,0.0003185755370800513,-0.014105331563666293,-0.0038352013,1.0465277443215337,0.9580326
2023-08-28,0.0,0.0,0.0,0.011719704,1.0465277443215337,0.96926045
2023-08-29,0.0,0.0,0.0,0.0099903345,1.0465277443215337,0.9789437
2023-08-30,0.0,0.0,0.0,-0.0004221797,1.0465277443215337,0.9785304
2023-08-31,0.0,0.0,0.0,-0.006134331,1.0465277443215337,0.9725278
2023-09-01,0.015087508641352465,0.0003141810940368218,0.014773327547315643,0.0069636106,1.0619884414757492,0.9793001
2023-09-04,0.0,0.0,0.0,0.015154958,1.0619884414757492,0.99414134
2023-09-05,0.0,0.0,0.0,-0.0074384212,1.0619884414757492,0.9867465
2023-09-06,0.0,0.0,0.0,-0.002169907,1.0619884414757492,0.9846053
2023-09-07,0.0,0.0,0.0,-0.014050245,1.0619884414757492,0.9707714
2023-09-08,-0.005460584026860924,0.00031735801972074403,-0.0057779420465816685,-0.0049169064,1.0558523338067627,0.9659982
2023-09-11,0.0,0.0,0.0,0.0073662996,1.0558523338067627,0.973114
2023-09-12,0.0,0.0,0.0,-0.001842022,1.0558523338067627,0.9713215
2023-09-13,0.0,0.0,0.0,-0.006368637,1.0558523338067627,0.9651355
2023-09-14,0.0,0.0,0.0,-0.0008403659,1.0558523338067627,0.9643245
2023-09-15,-0.002108570826100833,0.000321780548712938,-0.002430351374813771,-0.0066238046,1.0532862416356952,0.957937
2023-09-18,0.0,0.0,0.0,0.005104184,1.0532862416356952,0.9628265
2023-09-19,0.0,0.0,0.0,-0.0019341707,1.0532862416356952,0.9609642
2023-09-20,0.0,0.0,0.0,-0.0039806366,1.0532862416356952,0.95713896
2023-09-21,0.0,0.0,0.0,-0.008972704,1.0532862416356952,0.9485508
2023-09-22,0.002281525111124347,0.0003114627764753329,0.001970062334649014,0.01810515,1.0553612811879456,0.96572447
2023-09-25,0.0,0.0,0.0,-0.0065071583,1.0553612811879456,0.95944035
2023-09-26,0.0,0.0,0.0,-0.0058445334,1.0553612811879456,0.95383286
2023-09-27,0.0,0.0,0.0,0.0020606518,1.0553612811879456,0.9557984
2023-09-28,-0.005043385856294776,0.0002561034261141656,-0.005299489282408941,-0.0029671788,1.0497684053892207,0.95296234
2023-10-09,0.0,0.0,0.0,-0.0012982488,1.0497684053892207,0.9517252
2023-10-10,0.0,0.0,0.0,-0.0074903965,1.0497684053892207,0.9445964
2023-10-11,0.0,0.0,0.0,0.0028492212,1.0497684053892207,0.9472878
2023-10-12,0.0,0.0,0.0,0.009496808,1.0497684053892207,0.956284
2023-10-13,0.004133353373781752,0.0003201865040838203,0.003813166869697932,-0.010525703,1.0537713474935064,0.94621843
2023-10-16,0.0,0.0,0.0,-0.010048032,1.0537713474935064,0.9367108
2023-10-17,0.0,0.0,0.0,0.0035295486,1.0537713474935064,0.9400169
2023-10-18,0.0,0.0,0.0,-0.007918894,1.0537713474935064,0.932573
2023-10-19,0.0,0.0,0.0,-0.02133733,1.0537713474935064,0.9126744
2023-10-20,-0.033175048095138056,0.0003053888598856674,-0.03348043695502372,-0.00649482,1.0184906223287398,0.90674675
2023-10-23,0.0,0.0,0.0,-0.0103544,1.0184906223287398,0.89735794
2023-10-24,0.0,0.0,0.0,0.0037101507,1.0184906223287398,0.9006873
2023-10-25,0.0,0.0,0.0,0.004969716,1.0184906223287398,0.90516347
2023-10-26,0.0,0.0,0.0,0.0027621984,1.0184906223287398,0.9076637
2023-10-27,0.008028591330445999,0.00034652352978502477,0.007682067800660974,0.013730288,1.0263147363438065,0.9201262
2023-10-30,0.0,0.0,0.0,0.0060015917,1.0263147363438065,0.92564845
2023-10-31,0.0,0.0,0.0,-0.0031419396,1.0263147363438065,0.9227401
2023-11-01,0.0,0.0,0.0,-0.0004143119,1.0263147363438065,0.9223578
2023-11-02,0.0,0.0,0.0,-0.004715681,1.0263147363438065,0.91800827
2023-11-03,-0.0005799513933589756,0.00032303123936036903,-0.0009029826327193447,0.008426666,1.0253879919611841,0.925744
2023-11-06,0.0,0.0,0.0,0.013523459,1.0253879919611841,0.93826324
2023-11-07,0.0,0.0,0.0,-0.0035374165,1.0253879919611841,0.9349442
2023-11-08,0.0,0.0,0.0,-0.0024007559,1.0253879919611841,0.9326996
2023-11-09,0.0,0.0,0.0,0.00048744678,1.0253879919611841,0.9331543
2023-11-10,0.007894383021001558,0.0003334724973323777,0.00756091052366918,-0.007290721,1.0331408588204474,0.9263509
2023-11-13,0.0,0.0,0.0,-0.0019741058,1.0331408588204474,0.92452216
2023-11-14,0.0,0.0,0.0,0.0007404089,1.0331408588204474,0.92520666
2023-11-15,0.0,0.0,0.0,0.007032275,1.0331408588204474,0.931713
2023-11-16,0.0,0.0,0.0,-0.009672105,1.0331408588204474,0.92270136
2023-11-17,-0.0026657266313527325,0.000323688749836261,-0.0029894153811889936,-0.0012009144,1.0300523716461547,0.92159325
2023-11-20,0.0,0.0,0.0,0.0023121834,1.0300523716461547,0.9237241
2023-11-21,0.0,0.0,0.0,0.0013282299,1.0300523716461547,0.924951
2023-11-22,0.0,0.0,0.0,-0.010234356,1.0300523716461547,0.9154847
2023-11-23,0.0,0.0,0.0,0.0048244,1.0300523716461547,0.9199014
2023-11-24,-0.0025292474960008694,0.00031395088686876795,-0.0028431983828696374,-0.006601095,1.0271237284088193,0.913829
2023-11-27,0.0,0.0,0.0,-0.007368505,1.0271237284088193,0.9070955
2023-11-28,0.0,0.0,0.0,0.0018736124,1.0271237284088193,0.90879506
2023-11-29,0.0,0.0,0.0,-0.0085859895,1.0271237284088193,0.90099216
2023-11-30,0.0,0.0,0.0,0.002261877,1.0271237284088193,0.9030301
2023-12-01,-0.003961886225457327,0.000321565211791042,-0.004283451437248369,-0.0038098693,1.0227240937981346,0.89958966
2023-12-04,0.0,0.0,0.0,-0.006529093,1.0227240937981346,0.89371616
2023-12-05,0.0,0.0,0.0,-0.01903963,1.0227240937981346,0.8767001
2023-12-06,0.0,0.0,0.0,0.001573205,1.0227240937981346,0.87807935
2023-12-07,0.0,0.0,0.0,-0.0024473667,1.0227240937981346,0.87593037
2023-12-08,-0.008986035670299219,0.00031976142856499106,-0.00930579709886421,0.0024120808,1.0132068308931292,0.8780432
2023-12-11,0.0,0.0,0.0,0.005880356,1.0132068308931292,0.88320637
2023-12-12,0.0,0.0,0.0,0.0021494627,1.0132068308931292,0.8851048
2023-12-13,0.0,0.0,0.0,-0.016689062,1.0132068308931292,0.8703332
2023-12-14,0.0,0.0,0.0,-0.0052379966,1.0132068308931292,0.8657744
2023-12-15,-0.014092066447874193,0.00032029133825359354,-0.014412357786127787,-0.0031056404,0.9986041315349488,0.8630856
2023-12-18,0.0,0.0,0.0,-0.0036450028,0.9986041315349488,0.8599397
2023-12-19,0.0,0.0,0.0,0.0014026165,0.9986041315349488,0.86114585
2023-12-20,0.0,0.0,0.0,-0.010959685,0.9986041315349488,0.851708
2023-12-21,0.0,0.0,0.0,0.010119796,0.9986041315349488,0.8603271
2023-12-22,0.009547985536731344,0.00031211356437332107,0.009235871972358022,0.0019093752,1.0078271114448734,0.8619698
2023-12-25,0.0,0.0,0.0,0.0030623674,1.0078271114448734,0.8646095
2023-12-26,0.0,0.0,0.0,-0.0067692995,1.0078271114448734,0.85875666
2023-12-27,0.0,0.0,0.0,0.0034799576,1.0078271114448734,0.8617451
2023-12-28,0.0,0.0,0.0,0.023432732,1.0078271114448734,0.88193816
2023-12-29,0.007724658260683968,0.00024407962871461015,0.007480578631969358,0.0048527718,1.0153662413994673,0.886218
2024-01-02,0.0,0.0,0.0,-0.013045371,1.0153662413994673,0.874657
2024-01-03,0.0,0.0,0.0,-0.0023771524,1.0153662413994673,0.8725778
2024-01-04,0.0,0.0,0.0,-0.009250283,1.0153662413994673,0.8645062
2024-01-05,0.023894694009497293,0.00027373571391024005,0.023620958295587052,-0.005359888,1.0393501650423111,0.8598725
2024-01-08,0.0,0.0,0.0,-0.0129314065,1.0393501650423111,0.84875315
2024-01-09,0.0,0.0,0.0,0.0019598007,1.0393501650423111,0.85041654
2024-01-10,0.0,0.0,0.0,-0.004668176,1.0393501650423111,0.84644663
2024-01-11,0.0,0.0,0.0,0.0056574345,1.0393501650423111,0.85123533
2024-01-12,-0.004657236389955918,0.0002364865207211903,-0.004893722910677108,-0.0034894347,1.0342638733274274,0.848265
2024-01-15,0.0,0.0,0.0,-0.0009895563,1.0342638733274274,0.8474256
2024-01-16,0.0,0.0,0.0,0.0060836077,1.0342638733274274,0.85258096
2024-01-17,0.0,0.0,0.0,-0.021751761,1.0342638733274274,0.8340358
2024-01-18,0.0,0.0,0.0,0.014137149,1.0342638733274274,0.8458267
2024-01-19,-0.0045454981459960965,0.00024449696761126897,-0.004789995113607366,-0.0015116334,1.0293097544280085,0.8445481
2024-01-22,0.0,0.0,0.0,-0.015560687,1.0293097544280085,0.83140635
2024-01-23,0.0,0.0,0.0,0.00404799,1.0293097544280085,0.8347719
2024-01-24,0.0,0.0,0.0,0.013979316,1.0293097544280085,0.8464414
2024-01-25,0.0,0.0,0.0,0.020081758,1.0293097544280085,0.86343944
2024-01-26,0.04210448751797826,0.00025339240778353195,0.041851095110194726,-0.0027222037,1.0723874948584262,0.861089
2024-01-29,0.0,0.0,0.0,-0.008956671,1.0723874948584262,0.8533765
2024-01-30,0.0,0.0,0.0,-0.017833173,1.0723874948584262,0.8381581
2024-01-31,0.0,0.0,0.0,-0.009149373,1.0723874948584262,0.83048946
2024-02-01,0.0,0.0,0.0,0.0007339716,1.0723874948584262,0.83109903
2024-02-02,-0.011234935431881086,0.0002914831628275257,-0.011526418594708612,-0.011834502,1.0600267076969572,0.8212634
2024-02-05,0.0,0.0,0.0,0.0065385103,1.0600267076969572,0.8266332
2024-02-06,0.0,0.0,0.0,0.03476727,1.0600267076969572,0.855373
2024-02-07,0.0,0.0,0.0,0.009644628,1.0600267076969572,0.8636228
2024-02-08,0.03630816259281193,0.0002558547374196335,0.0360523078553923,0.006370306,1.0982431168977858,0.86912435
2024-02-19,0.0,0.0,0.0,0.01155448,1.0982431168977858,0.8791666
2024-02-20,0.0,0.0,0.0,0.0020682812,1.0982431168977858,0.88098496
2024-02-21,0.0,0.0,0.0,0.013492227,1.0982431168977858,0.89287144
2024-02-22,0.0,0.0,0.0,0.008620501,1.0982431168977858,0.9005684
2024-02-23,0.06057692253462563,0.00026723357992080736,0.06030968895470482,0.0008804798,1.1644778176745367,0.90136135
2024-02-26,0.0,0.0,0.0,-0.010424852,1.1644778176745367,0.8919648
2024-02-27,0.0,0.0,0.0,0.0119969845,1.1644778176745367,0.9026657
2024-02-28,0.0,0.0,0.0,-0.012741804,1.1644778176745367,0.89116406
2024-02-29,0.0,0.0,0.0,0.019076824,1.1644778176745367,0.9081646
2024-03-01,0.018586868450701337,0.0002686406913029606,0.018318227759398377,0.006177306,1.185808987559466,0.9137746
2024-03-04,0.0,0.0,0.0,0.0008677244,1.185808987559466,0.91456753
2024-03-05,0.0,0.0,0.0,0.006958723,1.185808987559466,0.92093176
2024-03-06,0.0,0.0,0.0,-0.0040555,1.185808987559466,0.9171969
2024-03-07,0.0,0.0,0.0,-0.006006658,1.185808987559466,0.9116876
2024-03-08,-0.0019413068006364248,0.0002764890120252853,-0.0022177958126617103,0.0043034554,1.18317910535224,0.915611
2024-03-11,0.0,0.0,0.0,0.012510896,1.18317910535224,0.92706615
2024-03-12,0.0,0.0,0.0,0.0022928715,1.18317910535224,0.92919177
2024-03-13,0.0,0.0,0.0,-0.0069853663,1.18317910535224,0.922701
2024-03-14,0.0,0.0,0.0,-0.0028384328,1.18317910535224,0.920082
2024-03-15,0.016903451873757226,0.00028244274486976563,0.016621009128887462,0.0021811724,1.2028447360634085,0.9220888
2024-03-18,0.0,0.0,0.0,0.009395003,1.2028447360634085,0.9307518
2024-03-19,0.0,0.0,0.0,-0.0071873665,1.2028447360634085,0.92406213
2024-03-20,0.0,0.0,0.0,0.0021662712,1.2028447360634085,0.9260639
2024-03-21,0.0,0.0,0.0,-0.0011965632,1.2028447360634085,0.9249558
2024-03-22,-0.011492821903376478,0.0002913063433062236,-0.011784128246682702,-0.010077953,1.18867025943279,0.9156341
2024-03-25,0.0,0.0,0.0,-0.00542742,1.18867025943279,0.91066456
2024-03-26,0.0,0.0,0.0,0.005102396,1.18867025943279,0.91531116
2024-03-27,0.0,0.0,0.0,-0.011558354,1.18867025943279,0.9047317
2024-03-28,0.0,0.0,0.0,0.005187273,1.18867025943279,0.9094248
2024-03-29,-0.003087848316419767,0.00025013149692880286,-0.00333797981334857,0.004691839,1.1847025021020756,0.91369164
2024-04-01,0.0,0.0,0.0,0.016443968,1.1847025021020756,0.92871636
2024-04-02,0.0,0.0,0.0,-0.0041633844,1.1847025021020756,0.92484975
2024-04-03,0.008786006877040122,0.00023532936346138363,0.008550677513578738,-0.003597021,1.1948325111470801,0.92152303
2024-04-08,0.0,0.0,0.0,-0.008798182,1.1948325111470801,0.9134153
2024-04-09,0.0,0.0,0.0,-0.00082570314,1.1948325111470801,0.9126611
2024-04-10,0.0,0.0,0.0,-0.008144915,1.1948325111470801,0.90522754
2024-04-11,0.0,0.0,0.0,-0.00013411045,1.1948325111470801,0.9051061
2024-04-12,0.0013766087853185791,0.00026932372885854326,0.0011072850564600358,-0.008104444,1.1961555313316459,0.89777076
2024-04-15,0.0,0.0,0.0,0.021071196,1.1961555313316459,0.91668785
2024-04-16,0.0,0.0,0.0,-0.010698497,1.1961555313316459,0.9068807
2024-04-17,0.0,0.0,0.0,0.015462279,1.1961555313316459,0.92090315
2024-04-18,0.0,0.0,0.0,0.0012340546,1.1961555313316459,0.92203957
2024-04-19,0.04386918196285519,0.0002856307803163503,0.04358355118253884,-0.007882774,1.2482882371537156,0.9147713
2024-04-22,0.0,0.0,0.0,-0.0030381083,1.2482882371537156,0.91199213
2024-04-23,0.0,0.0,0.0,-0.006989777,1.2482882371537156,0.90561754
2024-04-24,0.0,0.0,0.0,0.0043922663,1.2482882371537156,0.90959525
2024-04-25,0.0,0.0,0.0,0.0024591684,1.2482882371537156,0.9118321
2024-04-26,-0.02126816925249197,0.0002578821508435801,-0.02152605140333555,0.01529336,1.2214175203945656,0.9257771
2024-04-29,0.0,0.0,0.0,0.011059403,1.2214175203945656,0.9360156
2024-04-30,0.005850817910563787,0.00026938057660849364,0.005581437333955294,-0.005386412,1.228234785743243,0.9309738
2024-05-06,0.0,0.0,0.0,0.014840245,1.228234785743243,0.9447897
2024-05-07,0.0,0.0,0.0,0.00030887127,1.228234785743243,0.94508153
2024-05-08,0.0,0.0,0.0,-0.00786823,1.228234785743243,0.93764544
2024-05-09,0.0,0.0,0.0,0.009459496,1.228234785743243,0.9465151
2024-05-10,0.0033226818416695236,0.00025485299756308787,0.0030678288441064357,0.00046944618,1.232002799846281,0.94695944
2024-05-13,0.0,0.0,0.0,-0.0004336834,1.232002799846281,0.94654876
2024-05-14,0.0,0.0,0.0,-0.0020847917,1.232002799846281,0.9445754
2024-05-15,0.0,0.0,0.0,-0.008473992,1.232002799846281,0.9365711
2024-05-16,0.0,0.0,0.0,0.0039436817,1.232002799846281,0.94026464
2024-05-17,0.004659989637822856,0.0002716640091646881,0.004388325628658167,0.010331392,1.237409229307425,0.9499789
2024-05-20,0.0,0.0,0.0,0.0035318136,1.237409229307425,0.95333403
2024-05-21,0.0,0.0,0.0,-0.004009843,1.237409229307425,0.9495113
2024-05-22,0.0,0.0,0.0,0.0022550821,1.237409229307425,0.9516525
2024-05-23,0.0,0.0,0.0,-0.011578381,1.237409229307425,0.94063395
2024-05-24,-0.0010753453095359927,0.00025976732511716474,-0.0013351126346531573,-0.011068702,1.2357571486111403,0.93022233
2024-05-27,0.0,0.0,0.0,0.009504437,1.2357571486111403,0.93906355
2024-05-28,0.0,0.0,0.0,-0.007299781,1.2357571486111403,0.9322086
2024-05-29,0.0,0.0,0.0,0.0012052059,1.2357571486111403,0.9333321
2024-05-30,0.0,0.0,0.0,-0.0053161383,1.2357571486111403,0.92837036
2024-05-31,-0.0004019795698820058,0.0002492275360794493,-0.0006512071059614551,-0.004003525,1.234952414774722,0.9246536
2024-06-03,0.0,0.0,0.0,0.0024665594,1.234952414774722,0.9269343
2024-06-04,0.0,0.0,0.0,0.0075012445,1.234952414774722,0.9338875
2024-06-05,0.0,0.0,0.0,-0.0057748556,1.234952414774722,0.9284944
2024-06-06,0.0,0.0,0.0,-0.00070655346,1.234952414774722,0.9278384
2024-06-07,0.019512448982931023,0.00027946813670276906,0.019232980846228254,-0.005049765,1.2587042309140875,0.92315304
2024-06-11,0.0,0.0,0.0,-0.008737862,1.2587042309140875,0.9150867
2024-06-12,0.0,0.0,0.0,0.00034999847,1.2587042309140875,0.91540694
2024-06-13,0.0,0.0,0.0,-0.0050760508,1.2587042309140875,0.9107603
2024-06-14,-0.016056956097598905,0.00026250464854698596,-0.016319460746145893,0.0043674707,1.2381628566266774,0.914738
2024-06-17,0.0,0.0,0.0,-0.0015050173,1.2381628566266774,0.9133613
2024-06-18,0.0,0.0,0.0,0.002655387,1.2381628566266774,0.9157866
2024-06-19,0.0,0.0,0.0,-0.0047495365,1.2381628566266774,0.91143703
2024-06-20,0.0,0.0,0.0,-0.007217884,1.2381628566266774,0.9048584
2024-06-21,-0.004493380973592254,0.00023375878043313346,-0.004727139754025387,-0.0021865368,1.2323098877651597,0.9028799
2024-06-24,0.0,0.0,0.0,-0.005380988,1.2323098877651597,0.8980215
2024-06-25,0.0,0.0,0.0,-0.005438864,1.2323098877651597,0.8931373
2024-06-26,0.0,0.0,0.0,0.0064663887,1.2323098877651597,0.89891267
2024-06-27,0.0,0.0,0.0,-0.00751096,1.2323098877651597,0.89216095
2024-06-28,0.015574531334652522,0.00026288484281325843,0.015311646491839264,0.0021828413,1.251178581135018,0.8941084
2024-07-01,0.0,0.0,0.0,0.0047723055,1.251178581135018,0.8983754
2024-07-02,0.0,0.0,0.0,-0.001837194,1.251178581135018,0.8967249
2024-07-03,0.0,0.0,0.0,-0.0024137497,1.251178581135018,0.8945604
2024-07-04,0.0,0.0,0.0,-0.0050816536,1.251178581135018,0.8900145
2024-07-05,0.0009562714073751647,0.00023700520153750415,0.0007192662058376606,-0.004280627,1.2520785116058963,0.8862047
2024-07-08,0.0,0.0,0.0,-0.008539617,1.2520785116058963,0.8786369
2024-07-09,0.0,0.0,0.0,0.011185408,1.2520785116058963,0.8884648
2024-07-10,0.0,0.0,0.0,-0.0031512976,1.2520785116058963,0.885665
2024-07-11,0.0,0.0,0.0,0.011431932,1.2520785116058963,0.89578986
2024-07-12,0.018631875336945634,0.0002469923068618495,0.018384883030083784,0.0012197495,1.275097828586252,0.8968825
2024-07-15,0.0,0.0,0.0,0.0011087656,1.275097828586252,0.8978769
2024-07-16,0.0,0.0,0.0,0.006337285,1.275097828586252,0.903567
2024-07-17,0.0,0.0,0.0,0.0009433031,1.275097828586252,0.90441936
2024-07-18,0.0,0.0,0.0,0.005526066,1.275097828586252,0.9094173
2024-07-19,0.024017744612549963,0.00025540928529990046,0.023762335327250063,0.0051379204,1.305397130764167,0.9140898
2024-07-22,0.0,0.0,0.0,-0.0068098307,1.305397130764167,0.907865
2024-07-23,0.0,0.0,0.0,-0.021349013,1.305397130764167,0.888483
2024-07-24,0.0,0.0,0.0,-0.0063112974,1.305397130764167,0.8828755
2024-07-25,0.0,0.0,0.0,-0.0055292845,1.305397130764167,0.8779938
2024-07-26,-0.023090839562597384,0.000275514159395188,-0.023366353721992573,0.002947688,1.2748947596590572,0.88058186
2024-07-29,0.0,0.0,0.0,-0.00544101,1.2748947596590572,0.8757906
2024-07-30,0.0,0.0,0.0,-0.0062994957,1.2748947596590572,0.87027353
2024-07-31,0.0,0.0,0.0,0.021576643,1.2748947596590572,0.88905114
2024-08-01,0.0,0.0,0.0,-0.0066268444,1.2748947596590572,0.8831595
2024-08-02,0.0052595694308843815,0.0002792654727333947,0.004980303958150987,-0.010200977,1.2812441230768132,0.87415045
2024-08-05,0.0,0.0,0.0,-0.012135088,1.2812441230768132,0.86354256
2024-08-06,0.0,0.0,0.0,-0.000101685524,1.2812441230768132,0.86345476
2024-08-07,0.0,0.0,0.0,-0.00044572353,1.2812441230768132,0.8630699
2024-08-08,0.0,0.0,0.0,0.0004339218,1.2812441230768132,0.8634444
2024-08-09,-0.015265654371418262,0.00027141627225860213,-0.015537070643676865,-0.0033832192,1.261337342624773,0.86052316
2024-08-12,0.0,0.0,0.0,-0.0017318726,1.261337342624773,0.85903287
2024-08-13,0.0,0.0,0.0,0.0025647879,1.261337342624773,0.8612361
2024-08-14,0.0,0.0,0.0,-0.00754261,1.261337342624773,0.85474014
2024-08-15,0.0,0.0,0.0,0.009884477,1.261337342624773,0.8631888
2024-08-16,0.022439387173149382,0.0002623721600499243,0.022177015013099457,0.0011011362,1.2893100398087456,0.8641393
2024-08-19,0.0,0.0,0.0,0.0033894777,1.2893100398087456,0.8670683
2024-08-20,0.0,0.0,0.0,-0.007229686,1.2893100398087456,0.8607997
2024-08-21,0.0,0.0,0.0,-0.0033186078,1.2893100398087456,0.857943
2024-08-22,0.0,0.0,0.0,-0.0025590062,1.2893100398087456,0.8557475
2024-08-23,0.007256124028748777,0.0002433836900216375,0.007012740338727139,0.0042407513,1.2983516363340384,0.85937655
2024-08-26,0.0,0.0,0.0,-0.00089263916,1.2983516363340384,0.85860944
2024-08-27,0.0,0.0,0.0,-0.005682528,1.2983516363340384,0.8537304
2024-08-28,0.0,0.0,0.0,-0.0056968927,1.2983516363340384,0.84886676
2024-08-29,0.0,0.0,0.0,-0.0026837587,1.2983516363340384,0.8465886
2024-08-30,-0.03479902292078824,0.00025656117859949515,-0.035055584099387735,0.013347864,1.2528371613559528,0.85788876
2024-09-02,0.0,0.0,0.0,-0.016986668,1.2528371613559528,0.8433161
2024-09-03,0.0,0.0,0.0,0.0025788546,1.2528371613559528,0.8454909
2024-09-04,0.0,0.0,0.0,-0.0064977407,1.2528371613559528,0.8399971
2024-09-05,0.0,0.0,0.0,0.0017219782,1.2528371613559528,0.8414436
2024-09-06,-0.009850530275039699,0.0002461616941179385,-0.010096691969157637,-0.008106828,1.2401876504502278,0.83462214
2024-09-09,0.0,0.0,0.0,-0.011883557,1.2401876504502278,0.8247039
2024-09-10,0.0,0.0,0.0,0.000880003,1.2401876504502278,0.8254296
2024-09-11,0.0,0.0,0.0,-0.0030133128,1.2401876504502278,0.8229423
2024-09-12,0.0,0.0,0.0,-0.004287362,1.2401876504502278,0.8194141
2024-09-13,-0.022198758041509857,0.00023875933353587512,-0.02243751737504573,-0.0041670203,1.2123609184949338,0.81599957
2024-09-18,0.0,0.0,0.0,0.00372231,1.2123609184949338,0.81903696
2024-09-19,0.0,0.0,0.0,0.007893443,1.2123609184949338,0.825502
2024-09-20,0.0129762934897765,0.0002523944695630104,0.012723899020213491,0.0015676022,1.2277868763979165,0.82679605
2024-09-23,0.0,0.0,0.0,0.0036581755,1.2277868763979165,0.82982063
2024-09-24,0.0,0.0,0.0,0.043311715,1.2277868763979165,0.8657616
2024-09-25,0.0,0.0,0.0,0.014803529,1.2277868763979165,0.8785779
2024-09-26,0.0,0.0,0.0,0.04227209,1.2277868763979165,0.9157172
2024-09-27,0.09364266621519846,0.000146230380585438,0.09349643583461302,0.044667363,1.3425805733056344,0.95661986
2024-09-30,0.07258188204298233,1.6907588185054204e-06,0.07258019128416382,0.08482647,1.4400253281305597,1.0377666
2024-10-08,0.0,0.0,0.0,0.05929792,1.4400253281305597,1.099304
2024-10-09,0.0,0.0,0.0,-0.070515275,1.4400253281305597,1.0217862
2024-10-10,0.0,0.0,0.0,0.010568738,1.4400253281305597,1.0325853
2024-10-11,-0.020158426283379667,0.00022387098013742024,-0.020382297263517087,-0.027670264,1.410674303825609,1.0040133
2024-10-14,0.0,0.0,0.0,0.019080639,1.410674303825609,1.0231705
2024-10-15,0.0,0.0,0.0,-0.02659452,1.410674303825609,0.99595976
2024-10-16,0.0,0.0,0.0,-0.006327808,1.410674303825609,0.9896575
2024-10-17,0.0,0.0,0.0,-0.011319041,1.410674303825609,0.97845554
2024-10-18,0.003875374326650082,0.0003147126397199447,0.0035606616869301375,0.036167383,1.4156972377719779,1.0138438
2024-10-21,0.0,0.0,0.0,0.0025399923,1.4156972377719779,1.0164189
2024-10-22,0.0,0.0,0.0,0.00573802,1.4156972377719779,1.0222511
2024-10-23,0.0,0.0,0.0,0.0038986206,1.4156972377719779,1.0262365
2024-10-24,0.0,0.0,0.0,-0.011169732,1.4156972377719779,1.0147737
2024-10-25,-0.0042824313646212305,0.000227440207217872,-0.0045098715718391025,0.0070225,1.4093126250450188,1.0218999
2024-10-28,0.0,0.0,0.0,0.0019563437,1.4093126250450188,1.0238991
2024-10-29,0.0,0.0,0.0,-0.009966791,1.4093126250450188,1.013694
2024-10-30,0.0,0.0,0.0,-0.008968949,1.4093126250450188,1.0046023
2024-10-31,0.0,0.0,0.0,0.00040876865,1.4093126250450188,1.005013
2024-11-01,-0.018823601199140096,0.0002159959052728547,-0.01903959710441295,-0.00026214123,1.382479880469999,1.0047495
2024-11-04,0.0,0.0,0.0,0.014071941,1.382479880469999,1.0188884
2024-11-05,0.0,0.0,0.0,0.025301933,1.382479880469999,1.0446682
2024-11-06,0.0,0.0,0.0,-0.0050165653,1.382479880469999,1.0394275
2024-11-07,0.0,0.0,0.0,0.030171871,1.382479880469999,1.070789
2024-11-08,0.030834777838098158,0.00025881465837240787,0.03057596317972575,-0.010046542,1.4247505343919613,1.0600313
2024-11-11,0.0,0.0,0.0,0.0065983534,1.4247505343919613,1.0670258
2024-11-12,0.0,0.0,0.0,-0.010987222,1.4247505343919613,1.0553021
2024-11-13,0.0,0.0,0.0,0.00615561,1.4247505343919613,1.0617982
2024-11-14,0.0,0.0,0.0,-0.017336965,1.4247505343919613,1.0433899
2024-11-15,-0.020627436118695698,0.00019420386656224926,-0.020821639985257948,-0.017523944,1.3950848916960479,1.0251056
2024-11-18,0.0,0.0,0.0,-0.004648745,1.3950848916960479,1.0203401
2024-11-19,0.0,0.0,0.0,0.0067107677,1.3950848916960479,1.0271873
2024-11-20,0.0,0.0,0.0,0.0022329092,1.3950848916960479,1.0294809
2024-11-21,0.0,0.0,0.0,0.000885725,1.3950848916960479,1.0303928
2024-11-22,-0.015025858612527672,0.0002894753950506842,-0.015315334007578356,-0.030982912,1.3737187006107967,0.9984682
2024-11-25,0.0,0.0,0.0,-0.004555464,1.3737187006107967,0.99391973
2024-11-26,0.0,0.0,0.0,-0.0020555854,1.3737187006107967,0.99187666
2024-11-27,0.0,0.0,0.0,0.017410636,1.3737187006107967,1.0091459
2024-11-28,0.0,0.0,0.0,-0.008827686,1.3737187006107967,1.0002375
2024-11-29,0.013835504177385846,0.0003332817374563501,0.013502222439929495,0.011369705,1.3922669560763345,1.0116099
2024-12-02,0.0,0.0,0.0,0.007927895,1.3922669560763345,1.0196298
2024-12-03,0.0,0.0,0.0,0.0010790825,1.3922669560763345,1.0207301
2024-12-04,0.0,0.0,0.0,-0.0053973794,1.3922669560763345,1.0152209
2024-12-05,0.0,0.0,0.0,-0.002282083,1.3922669560763345,1.012904
2024-12-06,0.013890394268550826,0.0002771720406373764,0.01361322222791345,0.013145089,1.4112201955499823,1.0262188
2024-12-09,0.0,0.0,0.0,-0.001653552,1.4112201955499823,1.0245218
2024-12-10,0.0,0.0,0.0,0.0073286295,1.4112201955499823,1.0320302
2024-12-11,0.0,0.0,0.0,-0.0017042756,1.4112201955499823,1.0302714
2024-12-12,0.0,0.0,0.0,0.009945154,1.4112201955499823,1.0405176
2024-12-13,0.010252787186804356,0.00029919834905367234,0.009953588837750684,-0.023661435,1.425266901136017,1.0158974
2024-12-16,0.0,0.0,0.0,-0.0054255724,1.425266901136017,1.0103855
2024-12-17,0.0,0.0,0.0,0.0026048422,1.425266901136017,1.0130174
2024-12-18,0.0,0.0,0.0,0.005063653,1.425266901136017,1.018147
2024-12-19,0.0,0.0,0.0,0.000905633,1.425266901136017,1.0190691
2024-12-20,0.005910075786149184,0.0002839052498146964,0.005626170536334487,-0.00449121,1.4332856957816014,1.0144923
2024-12-23,0.0,0.0,0.0,0.0014843941,1.4332856957816014,1.0159981
2024-12-24,0.0,0.0,0.0,0.012741566,1.4332856957816014,1.0289435
2024-12-25,0.0,0.0,0.0,0.00048685074,1.4332856957816014,1.0294445
2024-12-26,0.0,0.0,0.0,0.00046420097,1.4332856957816014,1.0299224
2024-12-27,0.02814183119451981,0.0002760331960720609,0.02786579799844775,-0.0016176105,1.4732253454543163,1.0282563
2024-12-30,0.0,0.0,0.0,0.004526496,1.4732253454543163,1.0329107
2024-12-31,0.002130633779398728,0.0002743210779487505,0.0018563127014499777,-0.016038835,1.475960112375181,1.0163441
2025-01-02,0.0,0.0,0.0,-0.029101014,1.475960112375181,0.9867674
2025-01-03,-0.02178061551715166,0.0003281200970535804,-0.022108735614205243,-0.011841714,1.4433285004735656,0.9750824
2025-01-06,0.0,0.0,0.0,-0.0016397238,1.4433285004735656,0.9734835
2025-01-07,0.0,0.0,0.0,0.0072009563,1.4433285004735656,0.9804935
2025-01-08,0.0,0.0,0.0,-0.001815021,1.4433285004735656,0.97871387
2025-01-09,0.0,0.0,0.0,-0.0024648905,1.4433285004735656,0.97630143
2025-01-10,0.0018474934508988883,0.0002909834555303487,0.0015565099953685395,-0.012540042,1.445575055711153,0.9640586
2025-01-13,0.0,0.0,0.0,-0.0026711226,1.445575055711153,0.9614835
2025-01-14,0.0,0.0,0.0,0.026334286,1.445575055711153,0.9868035
2025-01-15,0.0,0.0,0.0,-0.0064153075,1.445575055711153,0.9804728
2025-01-16,0.0,0.0,0.0,0.0011458397,1.445575055711153,0.9815963
2025-01-17,0.01333741335367419,0.00027580211765795696,0.013061611236016233,0.0031471252,1.4644565951013346,0.9846855
2025-01-20,0.0,0.0,0.0,0.0045484304,1.4644565951013346,0.98916423
2025-01-21,0.0,0.0,0.0,0.0007650852,1.4644565951013346,0.98992103
2025-01-22,0.0,0.0,0.0,-0.009286106,1.4644565951013346,0.9807285
2025-01-23,0.0,0.0,0.0,0.0017697811,1.4644565951013346,0.9824642
2025-01-24,-0.0015767129027071873,0.00025336114118086324,-0.0018300740438880504,0.0076556206,1.4617765310982391,0.9899856
2025-01-27,0.012943697836118897,0.00025339304767115547,0.01269030478844774,-0.004117012,1.4803269208104755,0.9859098
2025-02-05,0.0,0.0,0.0,-0.0057635903,1.4803269208104755,0.9802274
2025-02-06,0.0,0.0,0.0,0.012582064,1.4803269208104755,0.9925607
2025-02-07,-0.006060593370848542,0.00026713143238618717,-0.0063277248032347294,0.012977481,1.470959819436767,1.0054417
2025-02-10,0.0,0.0,0.0,0.0021476746,1.470959819436767,1.007601
2025-02-11,0.0,0.0,0.0,-0.0045936108,1.470959819436767,1.0029725
2025-02-12,0.0,0.0,0.0,0.009456158,1.470959819436767,1.0124568
2025-02-13,0.0,0.0,0.0,-0.0037552118,1.470959819436767,1.0086548
2025-02-14,0.012958676595940353,0.00028866661217015076,0.012670009983770202,0.008673191,1.4895968950347558,1.0174031
2025-02-17,0.0,0.0,0.0,0.0021299124,1.4895968950347558,1.0195701
2025-02-18,0.0,0.0,0.0,-0.008770287,1.4895968950347558,1.0106282
2025-02-19,0.0,0.0,0.0,0.0069975853,1.4895968950347558,1.0177002
2025-02-20,0.0,0.0,0.0,-0.0028577447,1.4895968950347558,1.0147918
2025-02-21,-0.007059774277860513,0.0002734196407961458,-0.0073331939186566586,0.012609124,1.4786733921428372,1.0275875
2025-02-24,0.0,0.0,0.0,-0.0021919012,1.4786733921428372,1.0253352
2025-02-25,0.0,0.0,0.0,-0.011101484,1.4786733921428372,1.0139525
2025-02-26,0.0,0.0,0.0,0.008734822,1.4786733921428372,1.0228091
2025-02-27,0.0,0.0,0.0,0.0020656586,1.4786733921428372,1.0249219
2025-02-28,-0.007160976816236803,0.00026167556728924775,-0.007422652383526051,-0.019674301,1.4676977135641918,1.0047573
2025-03-03,0.0,0.0,0.0,-0.00040614605,1.4676977135641918,1.0043492
2025-03-04,0.0,0.0,0.0,-0.00083583593,1.4676977135641918,1.0035098
2025-03-05,0.0,0.0,0.0,0.004465699,1.4676977135641918,1.0079911
2025-03-06,0.0,0.0,0.0,0.01375258,1.4676977135641918,1.0218536
2025-03-07,0.0082793577513183,0.00025890140994104635,0.008020456341377253,-0.003091395,1.4794693189981727,1.0186946
2025-03-10,0.0,0.0,0.0,-0.0038564801,1.4794693189981727,1.0147661
2025-03-11,0.0,0.0,0.0,0.0032122135,1.4794693189981727,1.0180258
2025-03-12,0.0,0.0,0.0,-0.0036002398,1.4794693189981727,1.0143607
2025-03-13,0.0,0.0,0.0,-0.0039850473,1.4794693189981727,1.0103184
2025-03-14,0.005056589576759355,0.00026301687700140843,0.004793572699757946,0.02428174,1.4865612627358518,1.0348507
2025-03-17,0.0,0.0,0.0,-0.0024384856,1.4865612627358518,1.0323273
2025-03-18,0.0,0.0,0.0,0.0027347803,1.4865612627358518,1.0351505
2025-03-19,0.0,0.0,0.0,0.00061130524,1.4865612627358518,1.0357833
2025-03-20,0.0,0.0,0.0,-0.008772731,1.4865612627358518,1.0266967
2025-03-21,-0.0062470604673152295,0.00027124159106856695,-0.006518302058383796,-0.015167356,1.476871407397047,1.0111244
2025-03-24,0.0,0.0,0.0,0.0051472187,1.476871407397047,1.0163288
2025-03-25,0.0,0.0,0.0,-0.0006480217,1.476871407397047,1.0156702
2025-03-26,0.0,0.0,0.0,-0.0032907128,1.476871407397047,1.0123279
2025-03-27,0.0,0.0,0.0,0.0033295155,1.476871407397047,1.0156984
2025-03-28,0.005752245392897582,0.00027817384295114215,0.00547407154994644,-0.004384041,1.4849559071512084,1.0112456
2025-03-31,0.0,0.0,0.0,-0.00711596,1.4849559071512084,1.0040497
2025-04-01,0.0,0.0,0.0,9.512901e-05,1.4849559071512084,1.0041451
2025-04-02,0.0,0.0,0.0,-0.00084626675,1.4849559071512084,1.0032954
2025-04-03,0.00805863322954371,0.00025855208693868563,0.007800081142605024,-0.005892813,1.4965386837201786,0.9973832
2025-04-07,0.0,0.0,0.0,-0.07045448,1.4965386837201786,0.92711306
2025-04-08,0.0,0.0,0.0,0.017083406,1.4965386837201786,0.9429513
2025-04-09,0.0,0.0,0.0,0.009869218,1.4965386837201786,0.9522575
2025-04-10,0.0,0.0,0.0,0.013108969,1.4965386837201786,0.96474063
2025-04-11,-0.029809324946100852,0.000287169013386625,-0.030096493959487478,0.0041229725,1.451498116265455,0.96871823
2025-04-14,0.0,0.0,0.0,0.002298355,1.451498116265455,0.9709447
2025-04-15,0.0,0.0,0.0,0.0005559921,1.451498116265455,0.97148454
2025-04-16,0.0,0.0,0.0,0.003081441,1.451498116265455,0.9744781
2025-04-17,0.0,0.0,0.0,-0.00015902519,1.451498116265455,0.97432315
2025-04-18,0.01600825348867759,0.00026858221923122775,0.015739671269446365,7.9512596e-05,1.474344219463694,0.97440064
2025-04-21,0.0,0.0,0.0,0.003276348,1.474344219463694,0.9775931
2025-04-22,0.0,0.0,0.0,-0.00024569035,1.474344219463694,0.9773529
2025-04-23,0.0,0.0,0.0,0.00077438354,1.474344219463694,0.9781098
2025-04-24,0.0,0.0,0.0,-0.00066548586,1.474344219463694,0.97745883
2025-04-25,0.02150307969418069,0.00020893508902810636,0.021294144605152585,0.00069499016,1.5057391184707247,0.97813815
2025-04-28,0.0,0.0,0.0,-0.0014179945,1.5057391184707247,0.97675115
2025-04-29,0.0,0.0,0.0,-0.0017294288,1.5057391184707247,0.97506195
2025-04-30,-0.005314052812011702,0.0002624124784135995,-0.005576465290425302,-0.0011946559,1.497342416540137,0.9738971
2025-05-06,0.0,0.0,0.0,0.0100700855,1.497342416540137,0.9837043
2025-05-07,0.0,0.0,0.0,0.006062746,1.497342416540137,0.98966825
2025-05-08,0.0,0.0,0.0,0.0055511,1.497342416540137,0.995162
2025-05-09,0.031081335527086865,0.0003000173498960218,0.030781318177190844,-0.0017493367,1.5434325898838626,0.99342114
2025-05-12,0.0,0.0,0.0,0.011556983,1.5434325898838626,1.0049021
2025-05-13,0.0,0.0,0.0,0.0014522076,1.5434325898838626,1.0063615
2025-05-14,0.0,0.0,0.0,0.012050033,1.5434325898838626,1.0184882
2025-05-15,0.0,0.0,0.0,-0.009132087,1.5434325898838626,1.0091872
2025-05-16,0.010901044418409098,0.0002857866152953832,0.010615257803113714,-0.004635036,1.5598165247272073,1.0045096
2025-05-19,0.0,0.0,0.0,-0.003070116,1.5598165247272073,1.0014256
2025-05-20,0.0,0.0,0.0,0.0054215193,1.5598165247272073,1.0068549
2025-05-21,0.0,0.0,0.0,0.0046714544,1.5598165247272073,1.0115584
2025-05-22,0.0,0.0,0.0,-0.00064086914,1.5598165247272073,1.0109102
2025-05-23,0.004228413818961653,0.0002677962701920121,0.003960617548769641,-0.008073866,1.5659943614279028,1.0027483
2025-05-26,0.0,0.0,0.0,-0.005708039,1.5659943614279028,0.99702454
2025-05-27,0.0,0.0,0.0,-0.0053651333,1.5659943614279028,0.9916754
2025-05-28,0.0,0.0,0.0,-0.00082302094,1.5659943614279028,0.9908592
2025-05-29,0.0,0.0,0.0,0.005854726,1.5659943614279028,0.9966604
2025-05-30,0.0006429789246692161,0.0002747613814709873,0.0003682175431982288,-0.0047866106,1.5665709880243301,0.9918898
2025-06-03,0.0,0.0,0.0,0.0030674934,1.5665709880243301,0.9949324
2025-06-04,0.0,0.0,0.0,0.0043432713,1.5665709880243301,0.9992537
2025-06-05,0.0,0.0,0.0,0.0022797585,1.5665709880243301,1.0015317
2025-06-06,0.005386219407039498,0.00027649494250927767,0.00510972446453022,-0.00092321634,1.5745757341272613,1.0006071
2025-06-09,0.0,0.0,0.0,0.0029091835,1.5745757341272613,1.0035181
2025-06-10,0.0,0.0,0.0,-0.0050911307,1.5745757341272613,0.9984091
2025-06-11,0.0,0.0,0.0,0.007543683,1.5745757341272613,1.0059408
2025-06-12,0.0,0.0,0.0,-0.0006239414,1.5745757341272613,1.0053132
2025-06-13,0.007698643023669704,0.00024646041575548385,0.007452182607914221,-0.0071989894,1.586309760027968,0.9980759
2025-06-16,0.0,0.0,0.0,0.0024895668,1.586309760027968,1.0005606
2025-06-17,0.0,0.0,0.0,-0.000882864,1.586309760027968,0.9996773
2025-06-18,0.0,0.0,0.0,0.001185894,1.586309760027968,1.0008628
2025-06-19,0.0,0.0,0.0,-0.0082271695,1.586309760027968,0.9926286
2025-06-20,0.014654126583005966,0.00028661833908496593,0.014367508243921,0.0009237528,1.6091010785825821,0.99354553
2025-06-23,0.0,0.0,0.0,0.002927184,1.6091010785825821,0.9964538
2025-06-24,0.0,0.0,0.0,0.011957288,1.6091010785825821,1.0083687
2025-06-25,0.0,0.0,0.0,0.014354348,1.6091010785825821,1.0228432
2025-06-26,0.0,0.0,0.0,-0.0035479069,1.6091010785825821,1.0192143
2025-06-27,0.006544674685196584,0.0002869143781087433,0.006257760307087841,-0.006147921,1.6191704474422286,1.0129483
2025-06-30,0.0,0.0,0.0,0.0036514997,1.6191704474422286,1.0166471
2025-07-01,0.0,0.0,0.0,0.0016970634,1.6191704474422286,1.0183724
2025-07-02,0.0,0.0,0.0,0.00023329258,1.6191704474422286,1.01861
2025-07-03,0.0,0.0,0.0,0.006184578,1.6191704474422286,1.0249096
2025-07-04,0.02000675912850886,0.00028144960807053736,0.01972530952043832,0.00356102,1.6511090856843733,1.0285593
2025-07-07,0.0,0.0,0.0,-0.004276514,1.6511090856843733,1.0241606
2025-07-08,0.0,0.0,0.0,0.008393168,1.6511090856843733,1.0327566
2025-07-09,0.0,0.0,0.0,-0.0017632246,1.6511090856843733,1.0309355
2025-07-10,0.0,0.0,0.0,0.004664898,1.6511090856843733,1.0357448
2025-07-11,-0.006969047150591033,0.00025015145693634434,-0.007219198607527377,0.0011945963,1.6391894012721249,1.036982
2025-07-14,0.0,0.0,0.0,0.0007123947,1.6391894012721249,1.0377208
2025-07-15,0.0,0.0,0.0,0.00034594536,1.6391894012721249,1.0380797
2025-07-16,0.0,0.0,0.0,-0.0029509664,1.6391894012721249,1.0350164
2025-07-17,0.0,0.0,0.0,0.0068101883,1.6391894012721249,1.042065
2025-07-18,0.0020974672384806523,0.00025031523836738115,0.0018471520001132713,0.005963564,1.6422172332532492,1.0482794
2025-07-21,0.0,0.0,0.0,0.006667495,1.6422172332532492,1.0552688
2025-07-22,0.0,0.0,0.0,0.008162856,1.6422172332532492,1.0638828
2025-07-23,0.0,0.0,0.0,0.00019657612,1.6422172332532492,1.0640919
2025-07-24,0.0,0.0,0.0,0.0071048737,1.6422172332532492,1.0716522
2025-07-25,-0.0077168272319508985,0.00027501609811956385,-0.007991843330070462,-0.0052734613,1.6290928904111475,1.0660008
2025-07-28,0.0,0.0,0.0,0.0020982027,1.6290928904111475,1.0682375
2025-07-29,0.0,0.0,0.0,0.003916979,1.6290928904111475,1.0724218
2025-07-30,0.0,0.0,0.0,-0.00018793344,1.6290928904111475,1.0722202
2025-07-31,0.0,0.0,0.0,-0.018223405,1.6290928904111475,1.0526807
2025-08-01,-0.004229550764790544,0.00028322918735789956,-0.004512779952148443,-0.005069196,1.6217411526751124,1.0473444
2025-08-04,0.0,0.0,0.0,0.0038890839,1.6217411526751124,1.0514177
2025-08-05,0.0,0.0,0.0,0.0080451965,1.6217411526751124,1.0598766
2025-08-06,0.0,0.0,0.0,0.0024467707,1.6217411526751124,1.0624698
2025-08-07,0.0,0.0,0.0,0.00028681755,1.6217411526751124,1.0627745
2025-08-08,0.022472474938511587,0.00027022979022023585,0.02220224514829135,-0.002357483,1.6577474473138778,1.0602691
2025-08-11,0.0,0.0,0.0,0.0042728186,1.6577474473138778,1.0647994
2025-08-12,0.0,0.0,0.0,0.0051715374,1.6577474473138778,1.0703061
2025-08-13,0.0,0.0,0.0,0.0079033375,1.6577474473138778,1.078765
2025-08-14,0.0,0.0,0.0,-0.0007829666,1.6577474473138778,1.0779204
2025-08-15,-0.009154424119321004,0.0002817628380362292,-0.009436186957357233,0.0069584846,1.6421046324729422,1.0854211
2025-08-18,0.0,0.0,0.0,0.008818865,1.6421046324729422,1.0949932
2025-08-19,0.0,0.0,0.0,-0.003783524,1.6421046324729422,1.0908504
2025-08-20,0.0,0.0,0.0,0.011372447,1.6421046324729422,1.103256
2025-08-21,0.0,0.0,0.0,0.0039026737,1.6421046324729422,1.1075616
2025-08-22,0.01342250658809635,0.0002591843630940999,0.013163322225002251,0.020972133,1.6637201848773526,1.1307895
2025-08-25,0.0,0.0,0.0,0.020835996,1.6637201848773526,1.1543506
2025-08-26,0.0,0.0,0.0,-0.0037209988,1.6637201848773526,1.1500553
2025-08-27,0.0,0.0,0.0,-0.014926076,1.6637201848773526,1.1328895
2025-08-28,0.0,0.0,0.0,0.017703533,1.6637201848773526,1.1529456
2025-08-29,0.0010973678929906516,0.0002626877800388309,0.0008346801129518207,0.0073883533,1.665108859029186,1.161464
2025-09-01,0.0,0.0,0.0,0.005993247,1.665108859029186,1.168425
2025-09-02,0.0,0.0,0.0,-0.0073522925,1.665108859029186,1.1598344
2025-09-03,0.0,0.0,0.0,-0.00681901,1.665108859029186,1.1519254
2025-09-04,0.0,0.0,0.0,-0.021216035,1.665108859029186,1.1274861
2025-09-05,0.006962991250409315,0.00027339740119071263,0.006689593849218602,0.02178824,1.676247761010827,1.152052
2025-09-08,0.0,0.0,0.0,0.0016254187,1.676247761010827,1.1539246
2025-09-09,0.0,0.0,0.0,-0.007008195,1.676247761010827,1.1458377
2025-09-10,0.0,0.0,0.0,0.0020512342,1.676247761010827,1.148188
2025-09-11,0.0,0.0,0.0,0.023095965,1.676247761010827,1.1747065
2025-09-12,0.007443248804450802,0.00027259951313615916,0.007170649291314643,-0.005723357,1.688267545830387,1.1679832
2025-09-15,0.0,0.0,0.0,0.002445817,1.688267545830387,1.1708399
2025-09-16,0.0,0.0,0.0,-0.0021442175,1.688267545830387,1.1683294
2025-09-17,0.0,0.0,0.0,0.0061192513,1.688267545830387,1.1754787
2025-09-18,0.0,0.0,0.0,-0.011625946,1.688267545830387,1.1618127
2025-09-19,-0.018523100233315493,0.0002539810459238712,-0.018777081279239365,0.000846982,1.656566808901228,1.1627967
2025-09-22,0.0,0.0,0.0,0.0045958757,1.656566808901228,1.1681408
2025-09-23,0.0,0.0,0.0,-0.00062572956,1.656566808901228,1.1674098
2025-09-24,0.0,0.0,0.0,0.010241628,1.656566808901228,1.179366
2025-09-25,0.0,0.0,0.0,0.006005168,1.656566808901228,1.1864483
2025-09-26,0.0003227846284309445,0.00027585785300688915,4.692677542405535e-05,-0.009456813,1.656644546239844,1.1752284
2025-09-29,0.0,0.0,0.0,0.015384436,1.656644546239844,1.1933086
2025-09-30,-0.00026384651138243,0.0002529395740032162,-0.0005167860853856462,0.0044674873,1.6557884153899174,1.1986396
2025-10-09,0.0,0.0,0.0,0.014823198,1.6557884153899174,1.2164073
2025-10-10,0.011591409605215671,0.0002716776541391403,0.011319731951076531,-0.01967305,1.674531496419829,1.1924769
2025-10-13,0.0,0.0,0.0,-0.0049492717,1.674531496419829,1.1865749
2025-10-14,0.0,0.0,0.0,-0.011954844,1.674531496419829,1.1723896
2025-10-15,0.0,0.0,0.0,0.014811516,1.674531496419829,1.1897545
2025-10-16,0.0,0.0,0.0,0.0026333332,1.674531496419829,1.1928875
2025-10-17,-0.00030737588652925385,0.0002220419811165023,-0.0005294178676457561,-0.022559702,1.6736449695256888,1.1659764
2025-10-20,0.0,0.0,0.0,0.00531435,1.6736449695256888,1.1721728
2025-10-21,0.0,0.0,0.0,0.015347362,1.6736449695256888,1.1901625
2025-10-22,0.0,0.0,0.0,-0.003320396,1.6736449695256888,1.1862108
2025-10-23,0.0,0.0,0.0,0.0029982328,1.6736449695256888,1.1897672
2025-10-24,0.013076608867826323,0.00025271131858913015,0.012823897549237193,0.011796832,1.6951076211486824,1.2038027
2025-10-27,0.0,0.0,0.0,0.011873841,1.6951076211486824,1.2180965
2025-10-28,0.0,0.0,0.0,-0.005099654,1.6951076211486824,1.2118846
2025-10-29,0.0,0.0,0.0,0.0119075775,1.6951076211486824,1.2263153
2025-10-30,0.0,0.0,0.0,-0.00798893,1.6951076211486824,1.2165183
2025-10-31,0.016540092460249716,0.0002732604931147798,0.016266831967134937,-0.014700949,1.7226816519881176,1.1986343
2025-11-03,0.0,0.0,0.0,0.0027432442,1.7226816519881176,1.2019224
2025-11-04,0.0,0.0,0.0,-0.0074569583,1.7226816519881176,1.1929598
2025-11-05,0.0,0.0,0.0,0.0018533468,1.7226816519881176,1.1951708
2025-11-06,0.0,0.0,0.0,0.014293551,1.7226816519881176,1.212254
2025-11-07,0.021413710193269778,0.0002714102058953922,0.021142299987374387,-0.0031129122,1.7591031042571963,1.2084804
2025-11-10,0.0,0.0,0.0,0.0034753084,1.7591031042571963,1.2126802
2025-11-11,0.0,0.0,0.0,-0.009133041,1.7591031042571963,1.2016047
2025-11-12,0.0,0.0,0.0,-0.0013455749,1.7591031042571963,1.1999879
2025-11-13,0.0,0.0,0.0,0.01208806,1.7591031042571963,1.2144934
2025-11-14,0.004432067596250055,0.00027804803396777464,0.004154019562282281,-0.015722811,1.766410452964352,1.1953981
2025-11-17,0.0,0.0,0.0,-0.006501496,1.766410452964352,1.1876262
2025-11-18,0.0,0.0,0.0,-0.006494105,1.766410452964352,1.1799136
2025-11-19,0.0,0.0,0.0,0.004400015,1.766410452964352,1.1851053
2025-11-20,0.0,0.0,0.0,-0.005086899,1.766410452964352,1.1790768
2025-11-21,-0.01570356933318956,0.00024268801360132974,-0.01594625734679089,-0.024390101,1.7382428173013211,1.150319
2025-11-24,0.0,0.0,0.0,-0.0012484789,1.7382428173013211,1.1488829
2025-11-25,0.0,0.0,0.0,0.009521008,1.7382428173013211,1.1598214
2025-11-26,0.0,0.0,0.0,0.0060640574,1.7382428173013211,1.1668546
2025-11-27,0.0,0.0,0.0,-0.00049358606,1.7382428173013211,1.1662787
2025-11-28,0.004935589461087029,0.0002622115936959623,0.004673377867391066,0.00249362,1.7463662828118487,1.169187
2025-12-01,0.0,0.0,0.0,0.011008143,1.7463662828118487,1.1820575
2025-12-02,0.0,0.0,0.0,-0.004842043,1.7463662828118487,1.1763339
2025-12-03,0.0,0.0,0.0,-0.0051116347,1.7463662828118487,1.1703209
2025-12-04,0.0,0.0,0.0,0.0034252405,1.7463662828118487,1.1743295
2025-12-05,0.007730929376128625,0.00024876359373205304,0.007482165782396572,0.008351326,1.7594328848566345,1.1841367
2025-12-08,0.0,0.0,0.0,0.0081163645,1.7594328848566345,1.1937476
2025-12-09,0.0,0.0,0.0,-0.0050911307,1.7594328848566345,1.1876701
2025-12-10,0.0,0.0,0.0,-0.0013896227,1.7594328848566345,1.1860197
2025-12-11,0.0,0.0,0.0,-0.008634865,1.7594328848566345,1.1757785
2025-12-12,-0.004053618450780306,0.00023676626970127167,-0.0042903847204815776,0.0063199997,1.7518842408907327,1.1832094
2025-12-15,0.0,0.0,0.0,-0.0063064694,1.7518842408907327,1.1757475
2025-12-16,0.0,0.0,0.0,-0.011974812,1.7518842408907327,1.1616682
2025-12-17,0.0,0.0,0.0,0.01830554,1.7518842408907327,1.1829331
2025-12-18,0.0,0.0,0.0,-0.0059150457,1.7518842408907327,1.175936
2025-12-19,0.011953401045126462,0.00025849793746933735,0.011694903107657124,0.0033804178,1.7723723573437813,1.1799111
2025-12-22,0.0,0.0,0.0,0.009509206,1.7723723573437813,1.1911311
2025-12-23,0.0,0.0,0.0,0.0019755363,1.7723723573437813,1.1934842
2025-12-24,0.0,0.0,0.0,0.0028847456,1.7723723573437813,1.1969271
2025-12-25,0.0,0.0,0.0,0.0018299818,1.7723723573437813,1.1991174
2025-12-26,-0.0028594729895098313,0.0002599205556265047,-0.003119393545136336,0.003166318,1.766843630452705,1.2029142
2025-12-29,0.0,0.0,0.0,-0.0038371086,1.766843630452705,1.1982986
2025-12-30,0.0,0.0,0.0,0.002567172,1.766843630452705,1.2013748
2025-12-31,-0.0028168071316030645,0.0002715244789864872,-0.0030883316105895517,-0.004588008,1.7613870314178093,1.1958629
